train_lr_0.2_n_100_d_3_s_2_leaf_1,444.47,444.94,450.32,442.74,448.08,446.11
val_lr_0.2_n_100_d_3_s_2_leaf_1,467.37,471.67,448.98,476.96,456.09,464.21
train_lr_0.2_n_100_d_3_s_2_leaf_2,446.14,445.05,450.33,442.8,448.58,446.58
val_lr_0.2_n_100_d_3_s_2_leaf_2,464.11,472.34,448.46,476.99,456.38,463.66
train_lr_0.2_n_100_d_3_s_2_leaf_4,446.86,446.02,451.37,443.23,447.9,447.08
val_lr_0.2_n_100_d_3_s_2_leaf_4,465.25,471.52,448.1,477.1,457.5,463.89
train_lr_0.2_n_100_d_3_s_4_leaf_1,444.79,444.68,449.95,442.52,447.71,445.93
val_lr_0.2_n_100_d_3_s_4_leaf_1,467.58,472.86,447.54,475.88,456.7,464.11
train_lr_0.2_n_100_d_3_s_4_leaf_2,446.14,445.05,450.33,442.8,448.58,446.58
val_lr_0.2_n_100_d_3_s_4_leaf_2,464.11,472.34,448.46,476.99,456.38,463.66
train_lr_0.2_n_100_d_3_s_4_leaf_4,446.86,446.02,451.37,443.23,447.9,447.08
val_lr_0.2_n_100_d_3_s_4_leaf_4,465.25,471.52,448.1,477.1,457.5,463.89
train_lr_0.2_n_100_d_4_s_2_leaf_1,424.74,424.83,430.45,421.38,426.62,425.6
val_lr_0.2_n_100_d_4_s_2_leaf_1,470.12,472.87,448.47,475.4,459.19,465.21
train_lr_0.2_n_100_d_4_s_2_leaf_2,427.51,426.51,431.31,422.63,427.42,427.08
val_lr_0.2_n_100_d_4_s_2_leaf_2,465.84,470.53,448.46,477.63,456.45,463.78
train_lr_0.2_n_100_d_4_s_2_leaf_4,430.0,426.96,431.53,424.33,429.53,428.47
val_lr_0.2_n_100_d_4_s_2_leaf_4,464.66,472.31,445.96,476.02,457.36,463.26
train_lr_0.2_n_100_d_4_s_4_leaf_1,423.94,425.26,430.74,422.14,425.6,425.54
val_lr_0.2_n_100_d_4_s_4_leaf_1,467.76,469.76,447.22,476.18,459.61,464.11
train_lr_0.2_n_100_d_4_s_4_leaf_2,427.51,426.51,431.31,422.63,427.42,427.08
val_lr_0.2_n_100_d_4_s_4_leaf_2,465.84,470.53,448.46,477.63,456.45,463.78
train_lr_0.2_n_100_d_4_s_4_leaf_4,430.0,426.96,431.53,424.33,429.53,428.47
val_lr_0.2_n_100_d_4_s_4_leaf_4,464.66,472.31,445.96,476.02,457.36,463.26
train_lr_0.2_n_100_d_5_s_2_leaf_1,400.39,398.27,402.11,396.29,403.42,400.1
val_lr_0.2_n_100_d_5_s_2_leaf_1,467.31,474.83,450.15,481.81,458.96,466.61
train_lr_0.2_n_100_d_5_s_2_leaf_2,400.0,403.01,408.44,399.0,404.64,403.02
val_lr_0.2_n_100_d_5_s_2_leaf_2,464.98,475.93,448.62,477.91,461.22,465.73
train_lr_0.2_n_100_d_5_s_2_leaf_4,405.34,405.09,410.03,403.17,410.24,406.77
val_lr_0.2_n_100_d_5_s_2_leaf_4,466.27,473.28,447.35,481.25,461.91,466.01
train_lr_0.2_n_100_d_5_s_4_leaf_1,400.06,399.92,406.01,396.49,402.15,400.93
val_lr_0.2_n_100_d_5_s_4_leaf_1,467.82,475.55,448.75,481.52,457.34,466.2
train_lr_0.2_n_100_d_5_s_4_leaf_2,400.0,403.01,408.44,399.0,404.64,403.02
val_lr_0.2_n_100_d_5_s_4_leaf_2,464.98,475.93,448.62,477.91,461.22,465.73
train_lr_0.2_n_100_d_5_s_4_leaf_4,405.34,405.09,410.03,403.17,410.24,406.77
val_lr_0.2_n_100_d_5_s_4_leaf_4,466.27,473.28,447.35,481.25,461.91,466.01
train_lr_0.2_n_200_d_3_s_2_leaf_1,431.01,430.68,435.93,429.88,434.37,432.37
val_lr_0.2_n_200_d_3_s_2_leaf_1,464.97,471.3,447.07,476.32,456.78,463.29
train_lr_0.2_n_200_d_3_s_2_leaf_2,432.65,431.25,436.89,430.06,434.41,433.05
val_lr_0.2_n_200_d_3_s_2_leaf_2,463.92,472.06,448.61,477.26,456.89,463.75
train_lr_0.2_n_200_d_3_s_2_leaf_4,433.95,433.01,437.23,431.07,435.39,434.13
val_lr_0.2_n_200_d_3_s_2_leaf_4,463.04,471.3,446.7,476.5,457.18,462.94
train_lr_0.2_n_200_d_3_s_4_leaf_1,430.79,430.01,436.15,428.8,434.66,432.08
val_lr_0.2_n_200_d_3_s_4_leaf_1,464.97,471.29,446.75,475.28,457.52,463.16
train_lr_0.2_n_200_d_3_s_4_leaf_2,432.65,431.25,436.89,430.06,434.41,433.05
val_lr_0.2_n_200_d_3_s_4_leaf_2,463.92,472.06,448.61,477.26,456.89,463.75
train_lr_0.2_n_200_d_3_s_4_leaf_4,433.95,433.01,437.23,431.07,435.39,434.13
val_lr_0.2_n_200_d_3_s_4_leaf_4,463.04,471.3,446.7,476.5,457.18,462.94
train_lr_0.2_n_200_d_4_s_2_leaf_1,400.52,400.09,405.65,399.35,403.5,401.82
val_lr_0.2_n_200_d_4_s_2_leaf_1,473.36,475.76,449.68,478.69,463.69,468.24
train_lr_0.2_n_200_d_4_s_2_leaf_2,403.13,401.73,405.99,399.2,403.78,402.77
val_lr_0.2_n_200_d_4_s_2_leaf_2,467.46,474.74,452.64,480.36,460.05,467.05
train_lr_0.2_n_200_d_4_s_2_leaf_4,405.47,404.91,409.15,402.78,406.93,405.85
val_lr_0.2_n_200_d_4_s_2_leaf_4,467.56,475.55,450.21,478.31,458.31,465.99
train_lr_0.2_n_200_d_4_s_4_leaf_1,400.54,401.18,405.54,399.21,403.89,402.07
val_lr_0.2_n_200_d_4_s_4_leaf_1,471.61,473.94,448.77,479.01,461.51,466.97
train_lr_0.2_n_200_d_4_s_4_leaf_2,403.13,401.73,405.99,399.2,403.78,402.77
val_lr_0.2_n_200_d_4_s_4_leaf_2,467.46,474.74,452.64,480.36,460.05,467.05
train_lr_0.2_n_200_d_4_s_4_leaf_4,405.47,404.91,409.15,402.78,406.93,405.85
val_lr_0.2_n_200_d_4_s_4_leaf_4,467.56,475.55,450.21,478.31,458.31,465.99
train_lr_0.2_n_200_d_5_s_2_leaf_1,363.56,363.55,366.93,361.43,367.32,364.56
val_lr_0.2_n_200_d_5_s_2_leaf_1,473.77,480.2,458.62,490.15,464.99,473.55
train_lr_0.2_n_200_d_5_s_2_leaf_2,365.92,367.21,371.82,365.03,368.77,367.75
val_lr_0.2_n_200_d_5_s_2_leaf_2,472.73,483.96,457.2,485.7,467.32,473.38
train_lr_0.2_n_200_d_5_s_2_leaf_4,370.92,372.44,374.54,372.16,376.08,373.23
val_lr_0.2_n_200_d_5_s_2_leaf_4,472.87,481.29,455.98,489.01,467.95,473.42
train_lr_0.2_n_200_d_5_s_4_leaf_1,364.23,364.88,367.8,364.83,367.59,365.87
val_lr_0.2_n_200_d_5_s_4_leaf_1,475.5,483.55,456.34,489.47,462.86,473.54
train_lr_0.2_n_200_d_5_s_4_leaf_2,365.92,367.21,371.82,365.03,368.77,367.75
val_lr_0.2_n_200_d_5_s_4_leaf_2,472.73,483.96,457.2,485.7,467.32,473.38
train_lr_0.2_n_200_d_5_s_4_leaf_4,370.92,372.44,374.54,372.16,376.08,373.23
val_lr_0.2_n_200_d_5_s_4_leaf_4,472.87,481.29,455.98,489.01,467.95,473.42
train_lr_0.2_n_500_d_3_s_2_leaf_1,406.24,406.05,411.1,404.19,408.56,407.23
val_lr_0.2_n_500_d_3_s_2_leaf_1,470.01,476.97,451.7,481.74,462.0,468.48
train_lr_0.2_n_500_d_3_s_2_leaf_2,408.39,407.09,412.51,405.57,410.58,408.83
val_lr_0.2_n_500_d_3_s_2_leaf_2,469.0,476.08,453.48,483.82,464.17,469.31
train_lr_0.2_n_500_d_3_s_2_leaf_4,410.1,409.1,414.08,408.28,411.46,410.6
val_lr_0.2_n_500_d_3_s_2_leaf_4,467.27,476.29,451.47,482.32,462.38,467.95
train_lr_0.2_n_500_d_3_s_4_leaf_1,406.06,405.53,411.82,403.98,409.34,407.35
val_lr_0.2_n_500_d_3_s_4_leaf_1,469.41,477.81,451.44,481.8,460.66,468.22
train_lr_0.2_n_500_d_3_s_4_leaf_2,408.39,407.09,412.51,405.57,410.58,408.83
val_lr_0.2_n_500_d_3_s_4_leaf_2,469.0,476.08,453.48,483.82,464.17,469.31
train_lr_0.2_n_500_d_3_s_4_leaf_4,410.1,409.1,414.08,408.28,411.46,410.6
val_lr_0.2_n_500_d_3_s_4_leaf_4,467.27,476.29,451.47,482.32,462.38,467.95
train_lr_0.2_n_500_d_4_s_2_leaf_1,360.04,357.2,361.43,355.95,361.26,359.18
val_lr_0.2_n_500_d_4_s_2_leaf_1,484.69,486.57,462.25,491.03,474.85,479.88
train_lr_0.2_n_500_d_4_s_2_leaf_2,361.86,362.71,363.51,358.24,365.11,362.29
val_lr_0.2_n_500_d_4_s_2_leaf_2,478.27,483.69,464.34,493.48,472.85,478.53
train_lr_0.2_n_500_d_4_s_2_leaf_4,366.92,367.43,369.63,365.03,369.19,367.64
val_lr_0.2_n_500_d_4_s_2_leaf_4,477.58,484.76,460.5,488.51,467.55,475.78
train_lr_0.2_n_500_d_4_s_4_leaf_1,360.15,358.9,363.38,356.85,362.33,360.32
val_lr_0.2_n_500_d_4_s_4_leaf_1,481.89,487.91,461.24,491.92,472.94,479.18
train_lr_0.2_n_500_d_4_s_4_leaf_2,361.86,362.71,363.51,358.24,365.11,362.29
val_lr_0.2_n_500_d_4_s_4_leaf_2,478.27,483.69,464.34,493.48,472.85,478.53
train_lr_0.2_n_500_d_4_s_4_leaf_4,366.92,367.43,369.63,365.03,369.19,367.64
val_lr_0.2_n_500_d_4_s_4_leaf_4,477.58,484.76,460.5,488.51,467.55,475.78
train_lr_0.2_n_500_d_5_s_2_leaf_1,300.56,299.15,304.01,299.02,308.44,302.24
val_lr_0.2_n_500_d_5_s_2_leaf_1,487.83,496.38,477.83,509.48,482.31,490.77
train_lr_0.2_n_500_d_5_s_2_leaf_2,307.67,305.04,309.23,302.96,308.74,306.73
val_lr_0.2_n_500_d_5_s_2_leaf_2,488.76,497.94,474.81,501.1,482.12,488.95
train_lr_0.2_n_500_d_5_s_2_leaf_4,315.34,319.89,316.33,315.77,317.76,317.02
val_lr_0.2_n_500_d_5_s_2_leaf_4,487.22,493.56,472.39,501.34,484.72,487.85
train_lr_0.2_n_500_d_5_s_4_leaf_1,304.76,300.28,305.38,302.4,307.77,304.12
val_lr_0.2_n_500_d_5_s_4_leaf_1,493.85,500.96,470.39,507.48,480.59,490.65
train_lr_0.2_n_500_d_5_s_4_leaf_2,307.67,305.04,309.23,302.96,308.74,306.73
val_lr_0.2_n_500_d_5_s_4_leaf_2,488.76,497.94,474.81,501.1,482.12,488.95
train_lr_0.2_n_500_d_5_s_4_leaf_4,315.34,319.89,316.33,315.77,317.76,317.02
val_lr_0.2_n_500_d_5_s_4_leaf_4,487.22,493.56,472.39,501.34,484.72,487.85
train_lr_0.1_n_100_d_3_s_2_leaf_1,456.69,454.08,461.49,453.91,459.49,457.13
val_lr_0.1_n_100_d_3_s_2_leaf_1,469.69,474.73,451.2,481.6,458.92,467.23
train_lr_0.1_n_100_d_3_s_2_leaf_2,457.08,455.5,461.6,453.97,459.76,457.58
val_lr_0.1_n_100_d_3_s_2_leaf_2,468.26,473.96,451.74,480.84,458.51,466.66
train_lr_0.1_n_100_d_3_s_2_leaf_4,457.07,455.64,461.6,453.65,459.66,457.52
val_lr_0.1_n_100_d_3_s_2_leaf_4,468.68,474.65,451.66,481.08,458.04,466.82
train_lr_0.1_n_100_d_3_s_4_leaf_1,456.69,454.35,461.66,454.04,459.88,457.32
val_lr_0.1_n_100_d_3_s_4_leaf_1,469.69,474.14,451.66,481.62,458.57,467.14
train_lr_0.1_n_100_d_3_s_4_leaf_2,457.08,455.5,461.6,453.97,459.76,457.58
val_lr_0.1_n_100_d_3_s_4_leaf_2,468.26,473.96,451.74,480.84,458.51,466.66
train_lr_0.1_n_100_d_3_s_4_leaf_4,457.07,455.64,461.6,453.65,459.66,457.52
val_lr_0.1_n_100_d_3_s_4_leaf_4,468.68,474.65,451.66,481.08,458.04,466.82
train_lr_0.1_n_100_d_4_s_2_leaf_1,442.49,440.65,447.87,439.28,444.76,443.01
val_lr_0.1_n_100_d_4_s_2_leaf_1,466.21,470.88,447.59,477.94,456.26,463.78
train_lr_0.1_n_100_d_4_s_2_leaf_2,443.37,441.24,447.86,439.86,446.05,443.68
val_lr_0.1_n_100_d_4_s_2_leaf_2,465.57,471.81,446.93,479.05,456.56,463.98
train_lr_0.1_n_100_d_4_s_2_leaf_4,444.93,441.68,449.19,441.28,446.57,444.73
val_lr_0.1_n_100_d_4_s_2_leaf_4,465.16,472.23,447.42,479.46,456.6,464.17
train_lr_0.1_n_100_d_4_s_4_leaf_1,442.39,441.56,448.16,439.36,445.59,443.41
val_lr_0.1_n_100_d_4_s_4_leaf_1,466.25,471.62,446.72,477.91,456.62,463.82
train_lr_0.1_n_100_d_4_s_4_leaf_2,443.37,441.24,447.86,439.86,446.05,443.68
val_lr_0.1_n_100_d_4_s_4_leaf_2,465.57,471.81,446.93,479.05,456.56,463.98
train_lr_0.1_n_100_d_4_s_4_leaf_4,444.93,441.68,449.19,441.28,446.57,444.73
val_lr_0.1_n_100_d_4_s_4_leaf_4,465.16,472.23,447.42,479.46,456.6,464.17
train_lr_0.1_n_100_d_5_s_2_leaf_1,425.55,425.79,431.63,423.9,429.25,427.22
val_lr_0.1_n_100_d_5_s_2_leaf_1,465.31,472.14,446.82,478.32,455.24,463.57
train_lr_0.1_n_100_d_5_s_2_leaf_2,426.26,425.76,432.08,425.54,429.86,427.9
val_lr_0.1_n_100_d_5_s_2_leaf_2,462.76,471.51,447.1,479.75,456.38,463.5
train_lr_0.1_n_100_d_5_s_2_leaf_4,429.64,428.16,435.37,426.65,432.76,430.52
val_lr_0.1_n_100_d_5_s_2_leaf_4,463.49,471.54,446.15,479.49,456.72,463.48
train_lr_0.1_n_100_d_5_s_4_leaf_1,426.95,425.42,433.42,425.2,429.81,428.16
val_lr_0.1_n_100_d_5_s_4_leaf_1,464.38,471.44,448.79,479.59,455.35,463.91
train_lr_0.1_n_100_d_5_s_4_leaf_2,426.26,425.76,432.08,425.54,429.86,427.9
val_lr_0.1_n_100_d_5_s_4_leaf_2,462.76,471.51,447.1,479.75,456.38,463.5
train_lr_0.1_n_100_d_5_s_4_leaf_4,429.64,428.16,435.37,426.65,432.76,430.52
val_lr_0.1_n_100_d_5_s_4_leaf_4,463.49,471.54,446.15,479.49,456.72,463.48
train_lr_0.1_n_200_d_3_s_2_leaf_1,446.19,444.0,451.0,443.41,448.51,446.62
val_lr_0.1_n_200_d_3_s_2_leaf_1,468.26,471.81,447.91,477.85,455.59,464.28
train_lr_0.1_n_200_d_3_s_2_leaf_2,446.55,445.18,451.64,443.76,449.76,447.38
val_lr_0.1_n_200_d_3_s_2_leaf_2,465.69,471.51,448.33,477.8,456.06,463.88
train_lr_0.1_n_200_d_3_s_2_leaf_4,447.41,446.11,451.59,443.62,449.14,447.57
val_lr_0.1_n_200_d_3_s_2_leaf_4,465.95,471.98,448.27,477.45,455.85,463.9
train_lr_0.1_n_200_d_3_s_4_leaf_1,446.38,444.23,451.26,443.87,448.49,446.85
val_lr_0.1_n_200_d_3_s_4_leaf_1,468.09,471.42,448.13,477.56,456.03,464.25
train_lr_0.1_n_200_d_3_s_4_leaf_2,446.55,445.18,451.64,443.76,449.76,447.38
val_lr_0.1_n_200_d_3_s_4_leaf_2,465.69,471.51,448.33,477.8,456.06,463.88
train_lr_0.1_n_200_d_3_s_4_leaf_4,447.41,446.11,451.59,443.62,449.14,447.57
val_lr_0.1_n_200_d_3_s_4_leaf_4,465.95,471.98,448.27,477.45,455.85,463.9
train_lr_0.1_n_200_d_4_s_2_leaf_1,426.71,424.56,431.4,423.83,429.41,427.18
val_lr_0.1_n_200_d_4_s_2_leaf_1,465.64,469.33,446.39,476.92,457.08,463.07
train_lr_0.1_n_200_d_4_s_2_leaf_2,428.3,426.78,431.76,424.27,431.1,428.44
val_lr_0.1_n_200_d_4_s_2_leaf_2,464.05,470.99,445.05,478.1,456.56,462.95
train_lr_0.1_n_200_d_4_s_2_leaf_4,430.03,428.17,434.74,426.16,431.51,430.12
val_lr_0.1_n_200_d_4_s_2_leaf_4,463.56,471.65,446.02,477.94,456.45,463.12
train_lr_0.1_n_200_d_4_s_4_leaf_1,427.49,426.05,431.54,423.5,429.21,427.56
val_lr_0.1_n_200_d_4_s_4_leaf_1,465.34,470.37,446.08,476.95,456.37,463.02
train_lr_0.1_n_200_d_4_s_4_leaf_2,428.3,426.78,431.76,424.27,431.1,428.44
val_lr_0.1_n_200_d_4_s_4_leaf_2,464.05,470.99,445.05,478.1,456.56,462.95
train_lr_0.1_n_200_d_4_s_4_leaf_4,430.03,428.17,434.74,426.16,431.51,430.12
val_lr_0.1_n_200_d_4_s_4_leaf_4,463.56,471.65,446.02,477.94,456.45,463.12
train_lr_0.1_n_200_d_5_s_2_leaf_1,401.99,402.84,403.45,399.45,404.58,402.46
val_lr_0.1_n_200_d_5_s_2_leaf_1,465.45,474.35,448.68,479.94,458.13,465.31
train_lr_0.1_n_200_d_5_s_2_leaf_2,403.37,404.53,407.32,400.7,405.31,404.25
val_lr_0.1_n_200_d_5_s_2_leaf_2,464.27,472.43,448.57,479.88,460.52,465.13
train_lr_0.1_n_200_d_5_s_2_leaf_4,408.42,407.26,410.24,402.75,410.72,407.88
val_lr_0.1_n_200_d_5_s_2_leaf_4,463.21,470.16,446.15,479.27,458.25,463.41
train_lr_0.1_n_200_d_5_s_4_leaf_1,403.02,402.16,405.7,398.94,406.88,403.34
val_lr_0.1_n_200_d_5_s_4_leaf_1,466.04,472.71,449.76,482.06,458.06,465.73
train_lr_0.1_n_200_d_5_s_4_leaf_2,403.37,404.53,407.32,400.7,405.31,404.25
val_lr_0.1_n_200_d_5_s_4_leaf_2,464.27,472.43,448.57,479.88,460.52,465.13
train_lr_0.1_n_200_d_5_s_4_leaf_4,408.42,407.26,410.24,402.75,410.72,407.88
val_lr_0.1_n_200_d_5_s_4_leaf_4,463.21,470.16,446.15,479.27,458.25,463.41
train_lr_0.1_n_500_d_3_s_2_leaf_1,427.88,424.9,431.79,424.78,430.58,427.99
val_lr_0.1_n_500_d_3_s_2_leaf_1,466.94,470.69,446.78,477.74,456.72,463.77
train_lr_0.1_n_500_d_3_s_2_leaf_2,429.09,427.34,433.68,426.36,431.92,429.68
val_lr_0.1_n_500_d_3_s_2_leaf_2,462.73,471.84,447.46,478.02,456.29,463.27
train_lr_0.1_n_500_d_3_s_2_leaf_4,429.68,428.0,433.64,426.93,431.88,430.03
val_lr_0.1_n_500_d_3_s_2_leaf_4,464.03,473.36,447.84,477.56,456.31,463.82
train_lr_0.1_n_500_d_3_s_4_leaf_1,428.31,425.56,432.07,425.32,430.13,428.28
val_lr_0.1_n_500_d_3_s_4_leaf_1,467.0,472.69,447.17,477.92,456.62,464.28
train_lr_0.1_n_500_d_3_s_4_leaf_2,429.09,427.34,433.68,426.36,431.92,429.68
val_lr_0.1_n_500_d_3_s_4_leaf_2,462.73,471.84,447.46,478.02,456.29,463.27
train_lr_0.1_n_500_d_3_s_4_leaf_4,429.68,428.0,433.64,426.93,431.88,430.03
val_lr_0.1_n_500_d_3_s_4_leaf_4,464.03,473.36,447.84,477.56,456.31,463.82
train_lr_0.1_n_500_d_4_s_2_leaf_1,394.3,392.94,398.79,392.0,397.01,395.01
val_lr_0.1_n_500_d_4_s_2_leaf_1,471.37,474.89,451.71,482.0,462.14,468.42
train_lr_0.1_n_500_d_4_s_2_leaf_2,395.01,394.75,400.3,393.16,399.27,396.5
val_lr_0.1_n_500_d_4_s_2_leaf_2,467.97,475.93,451.04,481.91,461.57,467.68
train_lr_0.1_n_500_d_4_s_2_leaf_4,399.59,397.14,403.08,395.15,400.84,399.16
val_lr_0.1_n_500_d_4_s_2_leaf_4,467.02,476.44,449.74,481.93,460.93,467.21
train_lr_0.1_n_500_d_4_s_4_leaf_1,394.23,394.99,398.62,392.13,397.02,395.4
val_lr_0.1_n_500_d_4_s_4_leaf_1,468.71,477.46,450.6,481.68,461.37,467.96
train_lr_0.1_n_500_d_4_s_4_leaf_2,395.01,394.75,400.3,393.16,399.27,396.5
val_lr_0.1_n_500_d_4_s_4_leaf_2,467.97,475.93,451.04,481.91,461.57,467.68
train_lr_0.1_n_500_d_4_s_4_leaf_4,399.59,397.14,403.08,395.15,400.84,399.16
val_lr_0.1_n_500_d_4_s_4_leaf_4,467.02,476.44,449.74,481.93,460.93,467.21
train_lr_0.1_n_500_d_5_s_2_leaf_1,352.87,353.02,354.54,349.36,356.43,353.24
val_lr_0.1_n_500_d_5_s_2_leaf_1,475.06,484.44,457.25,489.9,466.55,474.64
train_lr_0.1_n_500_d_5_s_2_leaf_2,353.12,355.77,358.87,354.14,360.07,356.39
val_lr_0.1_n_500_d_5_s_2_leaf_2,475.23,482.91,458.19,486.98,466.67,474.0
train_lr_0.1_n_500_d_5_s_2_leaf_4,365.31,364.02,369.6,362.36,369.29,366.12
val_lr_0.1_n_500_d_5_s_2_leaf_4,469.89,479.76,455.52,486.89,467.35,471.88
train_lr_0.1_n_500_d_5_s_4_leaf_1,352.09,353.19,358.63,353.11,357.89,354.98
val_lr_0.1_n_500_d_5_s_4_leaf_1,477.88,482.09,456.47,491.17,463.87,474.3
train_lr_0.1_n_500_d_5_s_4_leaf_2,353.12,355.77,358.87,354.14,360.07,356.39
val_lr_0.1_n_500_d_5_s_4_leaf_2,475.23,482.91,458.19,486.98,466.67,474.0
train_lr_0.1_n_500_d_5_s_4_leaf_4,365.31,364.02,369.6,362.36,369.29,366.12
val_lr_0.1_n_500_d_5_s_4_leaf_4,469.89,479.76,455.52,486.89,467.35,471.88
train_lr_0.05_n_100_d_3_s_2_leaf_1,468.54,467.2,472.76,465.69,471.69,469.18
val_lr_0.05_n_100_d_3_s_2_leaf_1,476.63,480.73,461.39,489.21,466.28,474.85
train_lr_0.05_n_100_d_3_s_2_leaf_2,468.72,467.26,472.83,465.89,472.01,469.34
val_lr_0.05_n_100_d_3_s_2_leaf_2,476.01,480.77,461.2,489.06,465.93,474.59
train_lr_0.05_n_100_d_3_s_2_leaf_4,468.74,467.45,472.99,465.79,471.92,469.38
val_lr_0.05_n_100_d_3_s_2_leaf_4,476.45,481.23,461.49,488.97,465.27,474.68
train_lr_0.05_n_100_d_3_s_4_leaf_1,468.54,467.43,472.78,465.78,471.88,469.28
val_lr_0.05_n_100_d_3_s_4_leaf_1,476.63,480.65,461.39,489.21,465.97,474.77
train_lr_0.05_n_100_d_3_s_4_leaf_2,468.72,467.26,472.83,465.89,472.01,469.34
val_lr_0.05_n_100_d_3_s_4_leaf_2,476.01,480.77,461.2,489.06,465.93,474.59
train_lr_0.05_n_100_d_3_s_4_leaf_4,468.74,467.45,472.99,465.79,471.92,469.38
val_lr_0.05_n_100_d_3_s_4_leaf_4,476.45,481.23,461.49,488.97,465.27,474.68
train_lr_0.05_n_100_d_4_s_2_leaf_1,457.63,455.61,461.93,454.41,460.53,458.02
val_lr_0.05_n_100_d_4_s_2_leaf_1,471.11,476.29,454.84,483.64,461.43,469.46
train_lr_0.05_n_100_d_4_s_2_leaf_2,457.46,455.66,462.44,454.48,460.98,458.2
val_lr_0.05_n_100_d_4_s_2_leaf_2,469.53,476.3,454.61,483.75,460.8,469.0
train_lr_0.05_n_100_d_4_s_2_leaf_4,457.69,456.38,462.87,454.54,460.94,458.48
val_lr_0.05_n_100_d_4_s_2_leaf_4,469.67,475.55,454.57,483.91,460.63,468.87
train_lr_0.05_n_100_d_4_s_4_leaf_1,456.94,455.88,461.84,454.51,460.58,457.95
val_lr_0.05_n_100_d_4_s_4_leaf_1,470.73,476.17,454.98,483.66,461.04,469.32
train_lr_0.05_n_100_d_4_s_4_leaf_2,457.46,455.66,462.44,454.48,460.98,458.2
val_lr_0.05_n_100_d_4_s_4_leaf_2,469.53,476.3,454.61,483.75,460.8,469.0
train_lr_0.05_n_100_d_4_s_4_leaf_4,457.69,456.38,462.87,454.54,460.94,458.48
val_lr_0.05_n_100_d_4_s_4_leaf_4,469.67,475.55,454.57,483.91,460.63,468.87
train_lr_0.05_n_100_d_5_s_2_leaf_1,444.06,442.83,450.32,443.32,449.11,445.93
val_lr_0.05_n_100_d_5_s_2_leaf_1,466.29,473.5,451.83,481.55,458.5,466.33
train_lr_0.05_n_100_d_5_s_2_leaf_2,445.59,443.64,451.73,443.66,449.61,446.85
val_lr_0.05_n_100_d_5_s_2_leaf_2,466.26,473.68,451.55,482.1,457.85,466.29
train_lr_0.05_n_100_d_5_s_2_leaf_4,445.78,445.41,452.15,444.65,449.61,447.52
val_lr_0.05_n_100_d_5_s_2_leaf_4,465.1,473.0,450.3,482.5,457.38,465.66
train_lr_0.05_n_100_d_5_s_4_leaf_1,444.62,443.59,451.17,443.74,448.82,446.39
val_lr_0.05_n_100_d_5_s_4_leaf_1,466.99,473.45,451.33,481.52,457.85,466.23
train_lr_0.05_n_100_d_5_s_4_leaf_2,445.59,443.64,451.73,443.66,449.61,446.85
val_lr_0.05_n_100_d_5_s_4_leaf_2,466.26,473.68,451.55,482.1,457.85,466.29
train_lr_0.05_n_100_d_5_s_4_leaf_4,445.78,445.41,452.15,444.65,449.61,447.52
val_lr_0.05_n_100_d_5_s_4_leaf_4,465.1,473.0,450.3,482.5,457.38,465.66
train_lr_0.05_n_200_d_3_s_2_leaf_1,457.04,455.22,461.67,453.76,459.26,457.39
val_lr_0.05_n_200_d_3_s_2_leaf_1,471.14,474.19,452.57,481.56,458.66,467.62
train_lr_0.05_n_200_d_3_s_2_leaf_2,457.31,455.75,461.98,454.64,459.66,457.87
val_lr_0.05_n_200_d_3_s_2_leaf_2,468.84,474.26,452.19,481.73,458.36,467.08
train_lr_0.05_n_200_d_3_s_2_leaf_4,457.44,455.76,462.29,454.42,460.0,457.98
val_lr_0.05_n_200_d_3_s_2_leaf_4,469.1,475.13,452.42,481.93,458.66,467.45
train_lr_0.05_n_200_d_3_s_4_leaf_1,457.04,455.26,461.74,454.12,459.61,457.55
val_lr_0.05_n_200_d_3_s_4_leaf_1,471.14,474.22,452.46,482.01,458.69,467.7
train_lr_0.05_n_200_d_3_s_4_leaf_2,457.31,455.75,461.98,454.64,459.66,457.87
val_lr_0.05_n_200_d_3_s_4_leaf_2,468.84,474.26,452.19,481.73,458.36,467.08
train_lr_0.05_n_200_d_3_s_4_leaf_4,457.44,455.76,462.29,454.42,460.0,457.98
val_lr_0.05_n_200_d_3_s_4_leaf_4,469.1,475.13,452.42,481.93,458.66,467.45
train_lr_0.05_n_200_d_4_s_2_leaf_1,443.38,441.75,448.44,440.35,445.63,443.91
val_lr_0.05_n_200_d_4_s_2_leaf_1,466.82,471.51,447.5,478.24,457.13,464.24
train_lr_0.05_n_200_d_4_s_2_leaf_2,444.32,442.87,449.0,440.8,446.63,444.72
val_lr_0.05_n_200_d_4_s_2_leaf_2,465.43,471.64,447.46,478.74,455.87,463.83
train_lr_0.05_n_200_d_4_s_2_leaf_4,444.98,442.69,450.0,440.91,447.56,445.23
val_lr_0.05_n_200_d_4_s_2_leaf_4,464.5,471.72,447.24,478.22,456.63,463.66
train_lr_0.05_n_200_d_4_s_4_leaf_1,443.64,441.91,448.64,440.63,446.23,444.21
val_lr_0.05_n_200_d_4_s_4_leaf_1,467.39,471.67,447.74,478.57,456.56,464.39
train_lr_0.05_n_200_d_4_s_4_leaf_2,444.32,442.87,449.0,440.8,446.63,444.72
val_lr_0.05_n_200_d_4_s_4_leaf_2,465.43,471.64,447.46,478.74,455.87,463.83
train_lr_0.05_n_200_d_4_s_4_leaf_4,444.98,442.69,450.0,440.91,447.56,445.23
val_lr_0.05_n_200_d_4_s_4_leaf_4,464.5,471.72,447.24,478.22,456.63,463.66
train_lr_0.05_n_200_d_5_s_2_leaf_1,426.7,425.59,433.35,424.77,430.44,428.17
val_lr_0.05_n_200_d_5_s_2_leaf_1,463.99,471.14,447.52,478.28,455.54,463.29
train_lr_0.05_n_200_d_5_s_2_leaf_2,428.32,427.28,434.43,426.08,430.76,429.37
val_lr_0.05_n_200_d_5_s_2_leaf_2,463.9,470.87,447.32,478.18,455.38,463.13
train_lr_0.05_n_200_d_5_s_2_leaf_4,429.23,428.23,436.73,428.23,433.05,431.09
val_lr_0.05_n_200_d_5_s_2_leaf_4,462.19,470.66,445.26,479.21,456.09,462.68
train_lr_0.05_n_200_d_5_s_4_leaf_1,427.91,425.79,434.87,425.8,430.29,428.93
val_lr_0.05_n_200_d_5_s_4_leaf_1,465.71,471.34,447.16,477.67,456.69,463.71
train_lr_0.05_n_200_d_5_s_4_leaf_2,428.32,427.28,434.43,426.08,430.76,429.37
val_lr_0.05_n_200_d_5_s_4_leaf_2,463.9,470.87,447.32,478.18,455.38,463.13
train_lr_0.05_n_200_d_5_s_4_leaf_4,429.23,428.23,436.73,428.23,433.05,431.09
val_lr_0.05_n_200_d_5_s_4_leaf_4,462.19,470.66,445.26,479.21,456.09,462.68
train_lr_0.05_n_500_d_3_s_2_leaf_1,442.89,441.85,447.87,440.42,445.22,443.65
val_lr_0.05_n_500_d_3_s_2_leaf_1,468.48,470.76,448.62,477.36,455.5,464.14
train_lr_0.05_n_500_d_3_s_2_leaf_2,443.85,442.69,448.78,441.01,446.33,444.53
val_lr_0.05_n_500_d_3_s_2_leaf_2,465.85,470.75,447.85,477.77,455.71,463.59
train_lr_0.05_n_500_d_3_s_2_leaf_4,444.13,442.95,448.97,441.52,446.38,444.79
val_lr_0.05_n_500_d_3_s_2_leaf_4,465.82,471.03,447.5,477.47,454.93,463.35
train_lr_0.05_n_500_d_3_s_4_leaf_1,443.12,441.49,447.44,440.58,445.92,443.71
val_lr_0.05_n_500_d_3_s_4_leaf_1,467.99,470.55,448.01,477.94,455.48,463.99
train_lr_0.05_n_500_d_3_s_4_leaf_2,443.85,442.69,448.78,441.01,446.33,444.53
val_lr_0.05_n_500_d_3_s_4_leaf_2,465.85,470.75,447.85,477.77,455.71,463.59
train_lr_0.05_n_500_d_3_s_4_leaf_4,444.13,442.95,448.97,441.52,446.38,444.79
val_lr_0.05_n_500_d_3_s_4_leaf_4,465.82,471.03,447.5,477.47,454.93,463.35
train_lr_0.05_n_500_d_4_s_2_leaf_1,421.21,419.7,425.21,418.24,422.75,421.42
val_lr_0.05_n_500_d_4_s_2_leaf_1,465.74,470.27,446.06,476.74,456.65,463.09
train_lr_0.05_n_500_d_4_s_2_leaf_2,422.58,421.76,426.65,419.69,425.06,423.15
val_lr_0.05_n_500_d_4_s_2_leaf_2,463.0,470.16,446.08,477.85,456.65,462.75
train_lr_0.05_n_500_d_4_s_2_leaf_4,423.76,422.24,429.32,421.27,425.17,424.35
val_lr_0.05_n_500_d_4_s_2_leaf_4,462.66,469.99,445.52,477.39,457.0,462.51
train_lr_0.05_n_500_d_4_s_4_leaf_1,422.53,419.7,425.59,419.82,424.29,422.39
val_lr_0.05_n_500_d_4_s_4_leaf_1,465.9,469.58,446.36,477.77,457.0,463.32
train_lr_0.05_n_500_d_4_s_4_leaf_2,422.58,421.76,426.65,419.69,425.06,423.15
val_lr_0.05_n_500_d_4_s_4_leaf_2,463.0,470.16,446.08,477.85,456.65,462.75
train_lr_0.05_n_500_d_4_s_4_leaf_4,423.76,422.24,429.32,421.27,425.17,424.35
val_lr_0.05_n_500_d_4_s_4_leaf_4,462.66,469.99,445.52,477.39,457.0,462.51
train_lr_0.05_n_500_d_5_s_2_leaf_1,391.88,393.12,397.12,389.32,394.43,393.17
val_lr_0.05_n_500_d_5_s_2_leaf_1,466.04,472.51,449.62,479.95,458.62,465.35
train_lr_0.05_n_500_d_5_s_2_leaf_2,395.87,396.23,400.42,391.14,396.36,396.0
val_lr_0.05_n_500_d_5_s_2_leaf_2,464.0,473.14,450.33,480.21,459.08,465.35
train_lr_0.05_n_500_d_5_s_2_leaf_4,398.87,398.47,404.31,396.45,401.82,399.98
val_lr_0.05_n_500_d_5_s_2_leaf_4,463.8,472.04,447.17,480.29,459.17,464.49
train_lr_0.05_n_500_d_5_s_4_leaf_1,393.45,393.15,398.63,390.79,396.04,394.41
val_lr_0.05_n_500_d_5_s_4_leaf_1,468.11,472.91,449.35,480.05,458.66,465.82
train_lr_0.05_n_500_d_5_s_4_leaf_2,395.87,396.23,400.42,391.14,396.36,396.0
val_lr_0.05_n_500_d_5_s_4_leaf_2,464.0,473.14,450.33,480.21,459.08,465.35
train_lr_0.05_n_500_d_5_s_4_leaf_4,398.87,398.47,404.31,396.45,401.82,399.98
val_lr_0.05_n_500_d_5_s_4_leaf_4,463.8,472.04,447.17,480.29,459.17,464.49
train_lr_0.2_n_100_d_3_s_6_leaf_6,446.71,446.83,451.14,443.14,449.13,447.39
val_lr_0.2_n_100_d_3_s_6_leaf_6,466.17,471.79,448.38,476.21,456.87,463.88
train_lr_0.2_n_100_d_3_s_6_leaf_8,447.6,446.61,452.19,444.55,450.67,448.32
val_lr_0.2_n_100_d_3_s_6_leaf_8,466.1,470.23,448.75,476.72,455.79,463.52
train_lr_0.2_n_100_d_3_s_6_leaf_10,447.92,446.75,451.75,444.14,451.1,448.33
val_lr_0.2_n_100_d_3_s_6_leaf_10,465.14,470.85,448.89,477.54,456.91,463.87
train_lr_0.2_n_100_d_3_s_8_leaf_6,446.71,446.83,451.14,443.14,449.13,447.39
val_lr_0.2_n_100_d_3_s_8_leaf_6,466.17,471.79,448.38,476.21,456.87,463.88
train_lr_0.2_n_100_d_3_s_8_leaf_8,447.6,446.61,452.19,444.55,450.67,448.32
val_lr_0.2_n_100_d_3_s_8_leaf_8,466.1,470.23,448.75,476.72,455.79,463.52
train_lr_0.2_n_100_d_3_s_8_leaf_10,447.92,446.75,451.75,444.14,451.1,448.33
val_lr_0.2_n_100_d_3_s_8_leaf_10,465.14,470.85,448.89,477.54,456.91,463.87
train_lr_0.2_n_100_d_3_s_10_leaf_6,446.71,446.83,451.14,443.14,449.13,447.39
val_lr_0.2_n_100_d_3_s_10_leaf_6,466.17,471.79,448.38,476.21,456.87,463.88
train_lr_0.2_n_100_d_3_s_10_leaf_8,447.6,446.61,452.19,444.55,450.67,448.32
val_lr_0.2_n_100_d_3_s_10_leaf_8,466.1,470.23,448.75,476.72,455.79,463.52
train_lr_0.2_n_100_d_3_s_10_leaf_10,447.92,446.75,451.75,444.14,451.1,448.33
val_lr_0.2_n_100_d_3_s_10_leaf_10,465.14,470.85,448.89,477.54,456.91,463.87
train_lr_0.2_n_100_d_4_s_6_leaf_6,430.97,429.17,433.26,425.8,432.34,430.31
val_lr_0.2_n_100_d_4_s_6_leaf_6,464.08,471.86,445.74,476.82,458.37,463.37
train_lr_0.2_n_100_d_4_s_6_leaf_8,432.59,430.67,434.01,427.36,433.43,431.61
val_lr_0.2_n_100_d_4_s_6_leaf_8,462.35,471.89,446.69,478.52,457.13,463.32
train_lr_0.2_n_100_d_4_s_6_leaf_10,432.4,431.42,436.96,428.5,434.38,432.73
val_lr_0.2_n_100_d_4_s_6_leaf_10,464.19,468.89,446.8,476.26,455.96,462.42
train_lr_0.2_n_100_d_4_s_8_leaf_6,430.97,429.17,433.26,425.8,432.34,430.31
val_lr_0.2_n_100_d_4_s_8_leaf_6,464.08,471.86,445.74,476.82,458.37,463.37
train_lr_0.2_n_100_d_4_s_8_leaf_8,432.59,430.67,434.01,427.36,433.43,431.61
val_lr_0.2_n_100_d_4_s_8_leaf_8,462.35,471.89,446.69,478.52,457.13,463.32
train_lr_0.2_n_100_d_4_s_8_leaf_10,432.4,431.42,436.96,428.5,434.38,432.73
val_lr_0.2_n_100_d_4_s_8_leaf_10,464.19,468.89,446.8,476.26,455.96,462.42
train_lr_0.2_n_100_d_4_s_10_leaf_6,430.97,429.17,433.26,425.8,432.34,430.31
val_lr_0.2_n_100_d_4_s_10_leaf_6,464.08,471.86,445.74,476.82,458.37,463.37
train_lr_0.2_n_100_d_4_s_10_leaf_8,432.59,430.67,434.01,427.36,433.43,431.61
val_lr_0.2_n_100_d_4_s_10_leaf_8,462.35,471.89,446.69,478.52,457.13,463.32
train_lr_0.2_n_100_d_4_s_10_leaf_10,432.4,431.42,436.96,428.5,434.38,432.73
val_lr_0.2_n_100_d_4_s_10_leaf_10,464.19,468.89,446.8,476.26,455.96,462.42
train_lr_0.2_n_100_d_5_s_6_leaf_6,407.74,409.14,411.97,405.99,411.62,409.29
val_lr_0.2_n_100_d_5_s_6_leaf_6,464.87,473.09,448.75,478.54,458.7,464.79
train_lr_0.2_n_100_d_5_s_6_leaf_8,412.5,412.26,416.63,409.11,417.01,413.5
val_lr_0.2_n_100_d_5_s_6_leaf_8,467.14,471.56,448.89,478.94,456.68,464.64
train_lr_0.2_n_100_d_5_s_6_leaf_10,416.2,415.93,419.5,413.17,417.15,416.39
val_lr_0.2_n_100_d_5_s_6_leaf_10,466.72,471.13,448.82,478.6,455.81,464.22
train_lr_0.2_n_100_d_5_s_8_leaf_6,407.74,409.14,411.97,405.99,411.62,409.29
val_lr_0.2_n_100_d_5_s_8_leaf_6,464.87,473.09,448.75,478.54,458.7,464.79
train_lr_0.2_n_100_d_5_s_8_leaf_8,412.5,412.26,416.63,409.11,417.01,413.5
val_lr_0.2_n_100_d_5_s_8_leaf_8,467.14,471.56,448.89,478.94,456.68,464.64
train_lr_0.2_n_100_d_5_s_8_leaf_10,416.2,415.93,419.5,413.17,417.15,416.39
val_lr_0.2_n_100_d_5_s_8_leaf_10,466.72,471.13,448.82,478.6,455.81,464.22
train_lr_0.2_n_100_d_5_s_10_leaf_6,407.74,409.14,411.97,405.99,411.62,409.29
val_lr_0.2_n_100_d_5_s_10_leaf_6,464.87,473.09,448.75,478.54,458.7,464.79
train_lr_0.2_n_100_d_5_s_10_leaf_8,412.5,412.26,416.63,409.11,417.01,413.5
val_lr_0.2_n_100_d_5_s_10_leaf_8,467.14,471.56,448.89,478.94,456.68,464.64
train_lr_0.2_n_100_d_5_s_10_leaf_10,416.2,415.93,419.5,413.17,417.15,416.39
val_lr_0.2_n_100_d_5_s_10_leaf_10,466.72,471.13,448.82,478.6,455.81,464.22
train_lr_0.2_n_200_d_3_s_6_leaf_6,435.0,433.92,439.13,432.07,437.96,435.62
val_lr_0.2_n_200_d_3_s_6_leaf_6,463.58,470.67,447.63,476.15,456.24,462.85
train_lr_0.2_n_200_d_3_s_6_leaf_8,435.75,434.07,438.99,432.83,439.13,436.15
val_lr_0.2_n_200_d_3_s_6_leaf_8,464.97,471.59,448.33,475.73,454.93,463.11
train_lr_0.2_n_200_d_3_s_6_leaf_10,436.05,434.0,440.03,432.72,439.14,436.39
val_lr_0.2_n_200_d_3_s_6_leaf_10,463.18,470.79,448.08,477.09,456.14,463.06
train_lr_0.2_n_200_d_3_s_8_leaf_6,435.0,433.92,439.13,432.07,437.96,435.62
val_lr_0.2_n_200_d_3_s_8_leaf_6,463.58,470.67,447.63,476.15,456.24,462.85
train_lr_0.2_n_200_d_3_s_8_leaf_8,435.75,434.07,438.99,432.83,439.13,436.15
val_lr_0.2_n_200_d_3_s_8_leaf_8,464.97,471.59,448.33,475.73,454.93,463.11
train_lr_0.2_n_200_d_3_s_8_leaf_10,436.05,434.0,440.03,432.72,439.14,436.39
val_lr_0.2_n_200_d_3_s_8_leaf_10,463.18,470.79,448.08,477.09,456.14,463.06
train_lr_0.2_n_200_d_3_s_10_leaf_6,435.0,433.92,439.13,432.07,437.96,435.62
val_lr_0.2_n_200_d_3_s_10_leaf_6,463.58,470.67,447.63,476.15,456.24,462.85
train_lr_0.2_n_200_d_3_s_10_leaf_8,435.75,434.07,438.99,432.83,439.13,436.15
val_lr_0.2_n_200_d_3_s_10_leaf_8,464.97,471.59,448.33,475.73,454.93,463.11
train_lr_0.2_n_200_d_3_s_10_leaf_10,436.05,434.0,440.03,432.72,439.14,436.39
val_lr_0.2_n_200_d_3_s_10_leaf_10,463.18,470.79,448.08,477.09,456.14,463.06
train_lr_0.2_n_200_d_4_s_6_leaf_6,409.11,406.46,410.86,404.72,410.23,408.28
val_lr_0.2_n_200_d_4_s_6_leaf_6,466.19,477.4,448.86,479.48,461.0,466.59
train_lr_0.2_n_200_d_4_s_6_leaf_8,411.46,410.05,414.73,408.35,413.64,411.65
val_lr_0.2_n_200_d_4_s_6_leaf_8,465.51,474.81,449.99,481.83,459.76,466.38
train_lr_0.2_n_200_d_4_s_6_leaf_10,413.32,412.23,417.01,410.36,414.95,413.57
val_lr_0.2_n_200_d_4_s_6_leaf_10,466.3,472.94,448.7,479.04,457.2,464.84
train_lr_0.2_n_200_d_4_s_8_leaf_6,409.11,406.46,410.86,404.72,410.23,408.28
val_lr_0.2_n_200_d_4_s_8_leaf_6,466.19,477.4,448.86,479.48,461.0,466.59
train_lr_0.2_n_200_d_4_s_8_leaf_8,411.46,410.05,414.73,408.35,413.64,411.65
val_lr_0.2_n_200_d_4_s_8_leaf_8,465.51,474.81,449.99,481.83,459.76,466.38
train_lr_0.2_n_200_d_4_s_8_leaf_10,413.32,412.23,417.01,410.36,414.95,413.57
val_lr_0.2_n_200_d_4_s_8_leaf_10,466.3,472.94,448.7,479.04,457.2,464.84
train_lr_0.2_n_200_d_4_s_10_leaf_6,409.11,406.46,410.86,404.72,410.23,408.28
val_lr_0.2_n_200_d_4_s_10_leaf_6,466.19,477.4,448.86,479.48,461.0,466.59
train_lr_0.2_n_200_d_4_s_10_leaf_8,411.46,410.05,414.73,408.35,413.64,411.65
val_lr_0.2_n_200_d_4_s_10_leaf_8,465.51,474.81,449.99,481.83,459.76,466.38
train_lr_0.2_n_200_d_4_s_10_leaf_10,413.32,412.23,417.01,410.36,414.95,413.57
val_lr_0.2_n_200_d_4_s_10_leaf_10,466.3,472.94,448.7,479.04,457.2,464.84
train_lr_0.2_n_200_d_5_s_6_leaf_6,376.6,379.29,381.0,375.36,382.79,379.01
val_lr_0.2_n_200_d_5_s_6_leaf_6,471.65,480.92,453.98,485.5,462.25,470.86
train_lr_0.2_n_200_d_5_s_6_leaf_8,381.75,384.58,387.89,381.2,387.87,384.66
val_lr_0.2_n_200_d_5_s_6_leaf_8,473.49,477.33,455.66,484.99,462.7,470.83
train_lr_0.2_n_200_d_5_s_6_leaf_10,388.01,390.22,392.33,385.88,390.16,389.32
val_lr_0.2_n_200_d_5_s_6_leaf_10,473.65,477.21,452.7,484.5,460.28,469.67
train_lr_0.2_n_200_d_5_s_8_leaf_6,376.6,379.29,381.0,375.36,382.79,379.01
val_lr_0.2_n_200_d_5_s_8_leaf_6,471.65,480.92,453.98,485.5,462.25,470.86
train_lr_0.2_n_200_d_5_s_8_leaf_8,381.75,384.58,387.89,381.2,387.87,384.66
val_lr_0.2_n_200_d_5_s_8_leaf_8,473.49,477.33,455.66,484.99,462.7,470.83
train_lr_0.2_n_200_d_5_s_8_leaf_10,388.01,390.22,392.33,385.88,390.16,389.32
val_lr_0.2_n_200_d_5_s_8_leaf_10,473.65,477.21,452.7,484.5,460.28,469.67
train_lr_0.2_n_200_d_5_s_10_leaf_6,376.6,379.29,381.0,375.36,382.79,379.01
val_lr_0.2_n_200_d_5_s_10_leaf_6,471.65,480.92,453.98,485.5,462.25,470.86
train_lr_0.2_n_200_d_5_s_10_leaf_8,381.75,384.58,387.89,381.2,387.87,384.66
val_lr_0.2_n_200_d_5_s_10_leaf_8,473.49,477.33,455.66,484.99,462.7,470.83
train_lr_0.2_n_200_d_5_s_10_leaf_10,388.01,390.22,392.33,385.88,390.16,389.32
val_lr_0.2_n_200_d_5_s_10_leaf_10,473.65,477.21,452.7,484.5,460.28,469.67
train_lr_0.2_n_500_d_3_s_6_leaf_6,411.8,411.16,416.13,409.8,415.23,412.82
val_lr_0.2_n_500_d_3_s_6_leaf_6,467.72,476.61,451.64,481.62,458.69,467.26
train_lr_0.2_n_500_d_3_s_6_leaf_8,413.07,412.45,417.29,410.95,415.92,413.94
val_lr_0.2_n_500_d_3_s_6_leaf_8,468.51,476.54,453.64,480.73,457.89,467.46
train_lr_0.2_n_500_d_3_s_6_leaf_10,414.7,414.15,419.87,412.5,416.43,415.53
val_lr_0.2_n_500_d_3_s_6_leaf_10,467.87,474.64,451.61,480.89,459.15,466.83
train_lr_0.2_n_500_d_3_s_8_leaf_6,411.8,411.16,416.13,409.8,415.23,412.82
val_lr_0.2_n_500_d_3_s_8_leaf_6,467.72,476.61,451.64,481.62,458.69,467.26
train_lr_0.2_n_500_d_3_s_8_leaf_8,413.07,412.45,417.29,410.95,415.92,413.94
val_lr_0.2_n_500_d_3_s_8_leaf_8,468.51,476.54,453.64,480.73,457.89,467.46
train_lr_0.2_n_500_d_3_s_8_leaf_10,414.7,414.15,419.87,412.5,416.43,415.53
val_lr_0.2_n_500_d_3_s_8_leaf_10,467.87,474.64,451.61,480.89,459.15,466.83
train_lr_0.2_n_500_d_3_s_10_leaf_6,411.8,411.16,416.13,409.8,415.23,412.82
val_lr_0.2_n_500_d_3_s_10_leaf_6,467.72,476.61,451.64,481.62,458.69,467.26
train_lr_0.2_n_500_d_3_s_10_leaf_8,413.07,412.45,417.29,410.95,415.92,413.94
val_lr_0.2_n_500_d_3_s_10_leaf_8,468.51,476.54,453.64,480.73,457.89,467.46
train_lr_0.2_n_500_d_3_s_10_leaf_10,414.7,414.15,419.87,412.5,416.43,415.53
val_lr_0.2_n_500_d_3_s_10_leaf_10,467.87,474.64,451.61,480.89,459.15,466.83
train_lr_0.2_n_500_d_4_s_6_leaf_6,371.69,372.19,375.7,368.67,375.49,372.75
val_lr_0.2_n_500_d_4_s_6_leaf_6,477.01,484.18,458.38,489.79,471.06,476.08
train_lr_0.2_n_500_d_4_s_6_leaf_8,375.54,375.34,377.14,374.65,379.44,376.42
val_lr_0.2_n_500_d_4_s_6_leaf_8,475.23,484.14,459.64,490.96,467.06,475.41
train_lr_0.2_n_500_d_4_s_6_leaf_10,380.91,379.93,383.53,378.84,381.17,380.88
val_lr_0.2_n_500_d_4_s_6_leaf_10,476.6,483.25,458.58,487.15,467.11,474.54
train_lr_0.2_n_500_d_4_s_8_leaf_6,371.69,372.19,375.7,368.67,375.49,372.75
val_lr_0.2_n_500_d_4_s_8_leaf_6,477.01,484.18,458.38,489.79,471.06,476.08
train_lr_0.2_n_500_d_4_s_8_leaf_8,375.54,375.34,377.14,374.65,379.44,376.42
val_lr_0.2_n_500_d_4_s_8_leaf_8,475.23,484.14,459.64,490.96,467.06,475.41
train_lr_0.2_n_500_d_4_s_8_leaf_10,380.91,379.93,383.53,378.84,381.17,380.88
val_lr_0.2_n_500_d_4_s_8_leaf_10,476.6,483.25,458.58,487.15,467.11,474.54
train_lr_0.2_n_500_d_4_s_10_leaf_6,371.69,372.19,375.7,368.67,375.49,372.75
val_lr_0.2_n_500_d_4_s_10_leaf_6,477.01,484.18,458.38,489.79,471.06,476.08
train_lr_0.2_n_500_d_4_s_10_leaf_8,375.54,375.34,377.14,374.65,379.44,376.42
val_lr_0.2_n_500_d_4_s_10_leaf_8,475.23,484.14,459.64,490.96,467.06,475.41
train_lr_0.2_n_500_d_4_s_10_leaf_10,380.91,379.93,383.53,378.84,381.17,380.88
val_lr_0.2_n_500_d_4_s_10_leaf_10,476.6,483.25,458.58,487.15,467.11,474.54
train_lr_0.2_n_500_d_5_s_6_leaf_6,325.18,326.8,325.93,324.97,332.97,327.17
val_lr_0.2_n_500_d_5_s_6_leaf_6,486.01,492.75,469.4,498.76,476.9,484.76
train_lr_0.2_n_500_d_5_s_6_leaf_8,335.87,338.86,336.02,334.38,336.23,336.27
val_lr_0.2_n_500_d_5_s_6_leaf_8,486.41,487.86,470.33,496.54,477.23,483.67
train_lr_0.2_n_500_d_5_s_6_leaf_10,344.36,345.01,344.79,340.19,346.48,344.17
val_lr_0.2_n_500_d_5_s_6_leaf_10,486.25,488.37,466.94,499.24,474.72,483.1
train_lr_0.2_n_500_d_5_s_8_leaf_6,325.18,326.8,325.93,324.97,332.97,327.17
val_lr_0.2_n_500_d_5_s_8_leaf_6,486.01,492.75,469.4,498.76,476.9,484.76
train_lr_0.2_n_500_d_5_s_8_leaf_8,335.87,338.86,336.02,334.38,336.23,336.27
val_lr_0.2_n_500_d_5_s_8_leaf_8,486.41,487.86,470.33,496.54,477.23,483.67
train_lr_0.2_n_500_d_5_s_8_leaf_10,344.36,345.01,344.79,340.19,346.48,344.17
val_lr_0.2_n_500_d_5_s_8_leaf_10,486.25,488.37,466.94,499.24,474.72,483.1
train_lr_0.2_n_500_d_5_s_10_leaf_6,325.18,326.8,325.93,324.97,332.97,327.17
val_lr_0.2_n_500_d_5_s_10_leaf_6,486.01,492.75,469.4,498.76,476.9,484.76
train_lr_0.2_n_500_d_5_s_10_leaf_8,335.87,338.86,336.02,334.38,336.23,336.27
val_lr_0.2_n_500_d_5_s_10_leaf_8,486.41,487.86,470.33,496.54,477.23,483.67
train_lr_0.2_n_500_d_5_s_10_leaf_10,344.36,345.01,344.79,340.19,346.48,344.17
val_lr_0.2_n_500_d_5_s_10_leaf_10,486.25,488.37,466.94,499.24,474.72,483.1
train_lr_0.1_n_100_d_3_s_6_leaf_6,457.65,455.68,461.41,454.33,460.47,457.91
val_lr_0.1_n_100_d_3_s_6_leaf_6,469.19,474.15,451.12,481.55,458.05,466.81
train_lr_0.1_n_100_d_3_s_6_leaf_8,457.94,455.99,462.04,453.86,460.14,457.99
val_lr_0.1_n_100_d_3_s_6_leaf_8,469.32,474.47,451.93,481.08,457.6,466.88
train_lr_0.1_n_100_d_3_s_6_leaf_10,457.43,456.14,462.14,453.73,460.34,457.96
val_lr_0.1_n_100_d_3_s_6_leaf_10,468.79,474.67,451.63,481.48,458.41,467.0
train_lr_0.1_n_100_d_3_s_8_leaf_6,457.65,455.68,461.41,454.33,460.47,457.91
val_lr_0.1_n_100_d_3_s_8_leaf_6,469.19,474.15,451.12,481.55,458.05,466.81
train_lr_0.1_n_100_d_3_s_8_leaf_8,457.94,455.99,462.04,453.86,460.14,457.99
val_lr_0.1_n_100_d_3_s_8_leaf_8,469.32,474.47,451.93,481.08,457.6,466.88
train_lr_0.1_n_100_d_3_s_8_leaf_10,457.43,456.14,462.14,453.73,460.34,457.96
val_lr_0.1_n_100_d_3_s_8_leaf_10,468.79,474.67,451.63,481.48,458.41,467.0
train_lr_0.1_n_100_d_3_s_10_leaf_6,457.65,455.68,461.41,454.33,460.47,457.91
val_lr_0.1_n_100_d_3_s_10_leaf_6,469.19,474.15,451.12,481.55,458.05,466.81
train_lr_0.1_n_100_d_3_s_10_leaf_8,457.94,455.99,462.04,453.86,460.14,457.99
val_lr_0.1_n_100_d_3_s_10_leaf_8,469.32,474.47,451.93,481.08,457.6,466.88
train_lr_0.1_n_100_d_3_s_10_leaf_10,457.43,456.14,462.14,453.73,460.34,457.96
val_lr_0.1_n_100_d_3_s_10_leaf_10,468.79,474.67,451.63,481.48,458.41,467.0
train_lr_0.1_n_100_d_4_s_6_leaf_6,445.73,443.62,450.13,441.93,447.63,445.81
val_lr_0.1_n_100_d_4_s_6_leaf_6,465.38,471.95,447.77,479.39,456.42,464.18
train_lr_0.1_n_100_d_4_s_6_leaf_8,445.5,444.25,450.27,442.17,448.27,446.09
val_lr_0.1_n_100_d_4_s_6_leaf_8,464.91,471.42,447.42,479.09,455.3,463.63
train_lr_0.1_n_100_d_4_s_6_leaf_10,446.68,444.14,450.78,443.85,449.1,446.91
val_lr_0.1_n_100_d_4_s_6_leaf_10,465.46,470.49,447.34,479.16,455.25,463.54
train_lr_0.1_n_100_d_4_s_8_leaf_6,445.73,443.62,450.13,441.93,447.63,445.81
val_lr_0.1_n_100_d_4_s_8_leaf_6,465.38,471.95,447.77,479.39,456.42,464.18
train_lr_0.1_n_100_d_4_s_8_leaf_8,445.5,444.25,450.27,442.17,448.27,446.09
val_lr_0.1_n_100_d_4_s_8_leaf_8,464.91,471.42,447.42,479.09,455.3,463.63
train_lr_0.1_n_100_d_4_s_8_leaf_10,446.68,444.14,450.78,443.85,449.1,446.91
val_lr_0.1_n_100_d_4_s_8_leaf_10,465.46,470.49,447.34,479.16,455.25,463.54
train_lr_0.1_n_100_d_4_s_10_leaf_6,445.73,443.62,450.13,441.93,447.63,445.81
val_lr_0.1_n_100_d_4_s_10_leaf_6,465.38,471.95,447.77,479.39,456.42,464.18
train_lr_0.1_n_100_d_4_s_10_leaf_8,445.5,444.25,450.27,442.17,448.27,446.09
val_lr_0.1_n_100_d_4_s_10_leaf_8,464.91,471.42,447.42,479.09,455.3,463.63
train_lr_0.1_n_100_d_4_s_10_leaf_10,446.68,444.14,450.78,443.85,449.1,446.91
val_lr_0.1_n_100_d_4_s_10_leaf_10,465.46,470.49,447.34,479.16,455.25,463.54
train_lr_0.1_n_100_d_5_s_6_leaf_6,430.64,429.98,437.7,429.58,435.63,432.71
val_lr_0.1_n_100_d_5_s_6_leaf_6,463.41,470.47,446.29,478.22,455.75,462.83
train_lr_0.1_n_100_d_5_s_6_leaf_8,431.51,432.1,440.35,431.1,436.77,434.37
val_lr_0.1_n_100_d_5_s_6_leaf_8,462.66,470.24,448.34,477.75,454.85,462.77
train_lr_0.1_n_100_d_5_s_6_leaf_10,433.6,433.47,440.39,430.81,438.4,435.33
val_lr_0.1_n_100_d_5_s_6_leaf_10,463.24,470.05,447.67,477.67,455.47,462.82
train_lr_0.1_n_100_d_5_s_8_leaf_6,430.64,429.98,437.7,429.58,435.63,432.71
val_lr_0.1_n_100_d_5_s_8_leaf_6,463.41,470.47,446.29,478.22,455.75,462.83
train_lr_0.1_n_100_d_5_s_8_leaf_8,431.51,432.1,440.35,431.1,436.77,434.37
val_lr_0.1_n_100_d_5_s_8_leaf_8,462.66,470.24,448.34,477.75,454.85,462.77
train_lr_0.1_n_100_d_5_s_8_leaf_10,433.6,433.47,440.39,430.81,438.4,435.33
val_lr_0.1_n_100_d_5_s_8_leaf_10,463.24,470.05,447.67,477.67,455.47,462.82
train_lr_0.1_n_100_d_5_s_10_leaf_6,430.64,429.98,437.7,429.58,435.63,432.71
val_lr_0.1_n_100_d_5_s_10_leaf_6,463.41,470.47,446.29,478.22,455.75,462.83
train_lr_0.1_n_100_d_5_s_10_leaf_8,431.51,432.1,440.35,431.1,436.77,434.37
val_lr_0.1_n_100_d_5_s_10_leaf_8,462.66,470.24,448.34,477.75,454.85,462.77
train_lr_0.1_n_100_d_5_s_10_leaf_10,433.6,433.47,440.39,430.81,438.4,435.33
val_lr_0.1_n_100_d_5_s_10_leaf_10,463.24,470.05,447.67,477.67,455.47,462.82
train_lr_0.1_n_200_d_3_s_6_leaf_6,447.86,446.22,451.82,445.01,450.32,448.25
val_lr_0.1_n_200_d_3_s_6_leaf_6,466.82,471.38,447.63,478.02,455.84,463.94
train_lr_0.1_n_200_d_3_s_6_leaf_8,448.14,446.81,452.68,444.84,450.62,448.62
val_lr_0.1_n_200_d_3_s_6_leaf_8,466.62,470.91,448.75,477.36,454.79,463.69
train_lr_0.1_n_200_d_3_s_6_leaf_10,448.42,447.1,452.89,445.3,451.13,448.97
val_lr_0.1_n_200_d_3_s_6_leaf_10,466.09,471.43,448.42,477.74,455.93,463.92
train_lr_0.1_n_200_d_3_s_8_leaf_6,447.86,446.22,451.82,445.01,450.32,448.25
val_lr_0.1_n_200_d_3_s_8_leaf_6,466.82,471.38,447.63,478.02,455.84,463.94
train_lr_0.1_n_200_d_3_s_8_leaf_8,448.14,446.81,452.68,444.84,450.62,448.62
val_lr_0.1_n_200_d_3_s_8_leaf_8,466.62,470.91,448.75,477.36,454.79,463.69
train_lr_0.1_n_200_d_3_s_8_leaf_10,448.42,447.1,452.89,445.3,451.13,448.97
val_lr_0.1_n_200_d_3_s_8_leaf_10,466.09,471.43,448.42,477.74,455.93,463.92
train_lr_0.1_n_200_d_3_s_10_leaf_6,447.86,446.22,451.82,445.01,450.32,448.25
val_lr_0.1_n_200_d_3_s_10_leaf_6,466.82,471.38,447.63,478.02,455.84,463.94
train_lr_0.1_n_200_d_3_s_10_leaf_8,448.14,446.81,452.68,444.84,450.62,448.62
val_lr_0.1_n_200_d_3_s_10_leaf_8,466.62,470.91,448.75,477.36,454.79,463.69
train_lr_0.1_n_200_d_3_s_10_leaf_10,448.42,447.1,452.89,445.3,451.13,448.97
val_lr_0.1_n_200_d_3_s_10_leaf_10,466.09,471.43,448.42,477.74,455.93,463.92
train_lr_0.1_n_200_d_4_s_6_leaf_6,431.48,430.13,435.54,428.11,434.0,431.85
val_lr_0.1_n_200_d_4_s_6_leaf_6,463.19,470.68,446.13,477.92,455.6,462.7
train_lr_0.1_n_200_d_4_s_6_leaf_8,432.7,431.11,435.61,428.68,434.74,432.57
val_lr_0.1_n_200_d_4_s_6_leaf_8,463.7,469.89,445.84,477.12,454.3,462.17
train_lr_0.1_n_200_d_4_s_6_leaf_10,433.57,431.79,436.68,430.26,436.34,433.73
val_lr_0.1_n_200_d_4_s_6_leaf_10,464.54,468.59,446.42,476.31,454.47,462.07
train_lr_0.1_n_200_d_4_s_8_leaf_6,431.48,430.13,435.54,428.11,434.0,431.85
val_lr_0.1_n_200_d_4_s_8_leaf_6,463.19,470.68,446.13,477.92,455.6,462.7
train_lr_0.1_n_200_d_4_s_8_leaf_8,432.7,431.11,435.61,428.68,434.74,432.57
val_lr_0.1_n_200_d_4_s_8_leaf_8,463.7,469.89,445.84,477.12,454.3,462.17
train_lr_0.1_n_200_d_4_s_8_leaf_10,433.57,431.79,436.68,430.26,436.34,433.73
val_lr_0.1_n_200_d_4_s_8_leaf_10,464.54,468.59,446.42,476.31,454.47,462.07
train_lr_0.1_n_200_d_4_s_10_leaf_6,431.48,430.13,435.54,428.11,434.0,431.85
val_lr_0.1_n_200_d_4_s_10_leaf_6,463.19,470.68,446.13,477.92,455.6,462.7
train_lr_0.1_n_200_d_4_s_10_leaf_8,432.7,431.11,435.61,428.68,434.74,432.57
val_lr_0.1_n_200_d_4_s_10_leaf_8,463.7,469.89,445.84,477.12,454.3,462.17
train_lr_0.1_n_200_d_4_s_10_leaf_10,433.57,431.79,436.68,430.26,436.34,433.73
val_lr_0.1_n_200_d_4_s_10_leaf_10,464.54,468.59,446.42,476.31,454.47,462.07
train_lr_0.1_n_200_d_5_s_6_leaf_6,410.04,410.08,414.97,408.25,414.01,411.47
val_lr_0.1_n_200_d_5_s_6_leaf_6,464.39,471.26,446.15,478.03,456.28,463.22
train_lr_0.1_n_200_d_5_s_6_leaf_8,413.54,412.82,417.07,410.87,417.24,414.31
val_lr_0.1_n_200_d_5_s_6_leaf_8,463.62,471.36,449.15,477.77,456.41,463.66
train_lr_0.1_n_200_d_5_s_6_leaf_10,415.9,414.44,420.54,412.16,420.06,416.62
val_lr_0.1_n_200_d_5_s_6_leaf_10,463.94,470.34,447.47,478.02,454.81,462.92
train_lr_0.1_n_200_d_5_s_8_leaf_6,410.04,410.08,414.97,408.25,414.01,411.47
val_lr_0.1_n_200_d_5_s_8_leaf_6,464.39,471.26,446.15,478.03,456.28,463.22
train_lr_0.1_n_200_d_5_s_8_leaf_8,413.54,412.82,417.07,410.87,417.24,414.31
val_lr_0.1_n_200_d_5_s_8_leaf_8,463.62,471.36,449.15,477.77,456.41,463.66
train_lr_0.1_n_200_d_5_s_8_leaf_10,415.9,414.44,420.54,412.16,420.06,416.62
val_lr_0.1_n_200_d_5_s_8_leaf_10,463.94,470.34,447.47,478.02,454.81,462.92
train_lr_0.1_n_200_d_5_s_10_leaf_6,410.04,410.08,414.97,408.25,414.01,411.47
val_lr_0.1_n_200_d_5_s_10_leaf_6,464.39,471.26,446.15,478.03,456.28,463.22
train_lr_0.1_n_200_d_5_s_10_leaf_8,413.54,412.82,417.07,410.87,417.24,414.31
val_lr_0.1_n_200_d_5_s_10_leaf_8,463.62,471.36,449.15,477.77,456.41,463.66
train_lr_0.1_n_200_d_5_s_10_leaf_10,415.9,414.44,420.54,412.16,420.06,416.62
val_lr_0.1_n_200_d_5_s_10_leaf_10,463.94,470.34,447.47,478.02,454.81,462.92
train_lr_0.1_n_500_d_3_s_6_leaf_6,431.07,429.59,434.71,428.51,433.24,431.42
val_lr_0.1_n_500_d_3_s_6_leaf_6,464.78,472.51,447.02,477.35,455.72,463.48
train_lr_0.1_n_500_d_3_s_6_leaf_8,431.78,429.9,435.97,430.09,434.88,432.52
val_lr_0.1_n_500_d_3_s_6_leaf_8,463.83,470.52,448.18,477.61,454.14,462.86
train_lr_0.1_n_500_d_3_s_6_leaf_10,432.95,430.65,436.73,430.51,435.21,433.21
val_lr_0.1_n_500_d_3_s_6_leaf_10,464.01,470.95,447.1,478.49,454.77,463.06
train_lr_0.1_n_500_d_3_s_8_leaf_6,431.07,429.59,434.71,428.51,433.24,431.42
val_lr_0.1_n_500_d_3_s_8_leaf_6,464.78,472.51,447.02,477.35,455.72,463.48
train_lr_0.1_n_500_d_3_s_8_leaf_8,431.78,429.9,435.97,430.09,434.88,432.52
val_lr_0.1_n_500_d_3_s_8_leaf_8,463.83,470.52,448.18,477.61,454.14,462.86
train_lr_0.1_n_500_d_3_s_8_leaf_10,432.95,430.65,436.73,430.51,435.21,433.21
val_lr_0.1_n_500_d_3_s_8_leaf_10,464.01,470.95,447.1,478.49,454.77,463.06
train_lr_0.1_n_500_d_3_s_10_leaf_6,431.07,429.59,434.71,428.51,433.24,431.42
val_lr_0.1_n_500_d_3_s_10_leaf_6,464.78,472.51,447.02,477.35,455.72,463.48
train_lr_0.1_n_500_d_3_s_10_leaf_8,431.78,429.9,435.97,430.09,434.88,432.52
val_lr_0.1_n_500_d_3_s_10_leaf_8,463.83,470.52,448.18,477.61,454.14,462.86
train_lr_0.1_n_500_d_3_s_10_leaf_10,432.95,430.65,436.73,430.51,435.21,433.21
val_lr_0.1_n_500_d_3_s_10_leaf_10,464.01,470.95,447.1,478.49,454.77,463.06
train_lr_0.1_n_500_d_4_s_6_leaf_6,401.98,400.81,407.4,400.59,404.71,403.1
val_lr_0.1_n_500_d_4_s_6_leaf_6,468.18,475.95,449.43,481.72,458.77,466.81
train_lr_0.1_n_500_d_4_s_6_leaf_8,404.65,405.9,409.0,403.64,406.55,405.95
val_lr_0.1_n_500_d_4_s_6_leaf_8,467.33,474.04,448.83,480.49,457.56,465.65
train_lr_0.1_n_500_d_4_s_6_leaf_10,407.74,406.31,411.71,405.25,409.23,408.05
val_lr_0.1_n_500_d_4_s_6_leaf_10,469.13,472.69,448.46,480.34,457.82,465.69
train_lr_0.1_n_500_d_4_s_8_leaf_6,401.98,400.81,407.4,400.59,404.71,403.1
val_lr_0.1_n_500_d_4_s_8_leaf_6,468.18,475.95,449.43,481.72,458.77,466.81
train_lr_0.1_n_500_d_4_s_8_leaf_8,404.65,405.9,409.0,403.64,406.55,405.95
val_lr_0.1_n_500_d_4_s_8_leaf_8,467.33,474.04,448.83,480.49,457.56,465.65
train_lr_0.1_n_500_d_4_s_8_leaf_10,407.74,406.31,411.71,405.25,409.23,408.05
val_lr_0.1_n_500_d_4_s_8_leaf_10,469.13,472.69,448.46,480.34,457.82,465.69
train_lr_0.1_n_500_d_4_s_10_leaf_6,401.98,400.81,407.4,400.59,404.71,403.1
val_lr_0.1_n_500_d_4_s_10_leaf_6,468.18,475.95,449.43,481.72,458.77,466.81
train_lr_0.1_n_500_d_4_s_10_leaf_8,404.65,405.9,409.0,403.64,406.55,405.95
val_lr_0.1_n_500_d_4_s_10_leaf_8,467.33,474.04,448.83,480.49,457.56,465.65
train_lr_0.1_n_500_d_4_s_10_leaf_10,407.74,406.31,411.71,405.25,409.23,408.05
val_lr_0.1_n_500_d_4_s_10_leaf_10,469.13,472.69,448.46,480.34,457.82,465.69
train_lr_0.1_n_500_d_5_s_6_leaf_6,369.69,371.64,376.08,368.99,373.64,372.01
val_lr_0.1_n_500_d_5_s_6_leaf_6,471.44,478.49,455.28,485.47,463.27,470.79
train_lr_0.1_n_500_d_5_s_6_leaf_8,375.29,375.95,378.03,374.11,379.88,376.65
val_lr_0.1_n_500_d_5_s_6_leaf_8,472.39,479.41,457.61,484.83,462.4,471.33
train_lr_0.1_n_500_d_5_s_6_leaf_10,380.76,380.62,382.88,378.98,384.19,381.49
val_lr_0.1_n_500_d_5_s_6_leaf_10,473.06,477.57,453.93,484.86,460.97,470.08
train_lr_0.1_n_500_d_5_s_8_leaf_6,369.69,371.64,376.08,368.99,373.64,372.01
val_lr_0.1_n_500_d_5_s_8_leaf_6,471.44,478.49,455.28,485.47,463.27,470.79
train_lr_0.1_n_500_d_5_s_8_leaf_8,375.29,375.95,378.03,374.11,379.88,376.65
val_lr_0.1_n_500_d_5_s_8_leaf_8,472.39,479.41,457.61,484.83,462.4,471.33
train_lr_0.1_n_500_d_5_s_8_leaf_10,380.76,380.62,382.88,378.98,384.19,381.49
val_lr_0.1_n_500_d_5_s_8_leaf_10,473.06,477.57,453.93,484.86,460.97,470.08
train_lr_0.1_n_500_d_5_s_10_leaf_6,369.69,371.64,376.08,368.99,373.64,372.01
val_lr_0.1_n_500_d_5_s_10_leaf_6,471.44,478.49,455.28,485.47,463.27,470.79
train_lr_0.1_n_500_d_5_s_10_leaf_8,375.29,375.95,378.03,374.11,379.88,376.65
val_lr_0.1_n_500_d_5_s_10_leaf_8,472.39,479.41,457.61,484.83,462.4,471.33
train_lr_0.1_n_500_d_5_s_10_leaf_10,380.76,380.62,382.88,378.98,384.19,381.49
val_lr_0.1_n_500_d_5_s_10_leaf_10,473.06,477.57,453.93,484.86,460.97,470.08
train_lr_0.05_n_100_d_3_s_6_leaf_6,468.65,467.76,473.23,465.66,471.95,469.45
val_lr_0.05_n_100_d_3_s_6_leaf_6,476.22,481.35,461.26,488.94,465.11,474.58
train_lr_0.05_n_100_d_3_s_6_leaf_8,468.93,467.66,473.04,465.82,472.28,469.55
val_lr_0.05_n_100_d_3_s_6_leaf_8,476.6,481.38,461.36,489.1,465.71,474.83
train_lr_0.05_n_100_d_3_s_6_leaf_10,468.89,468.08,473.21,465.81,472.19,469.64
val_lr_0.05_n_100_d_3_s_6_leaf_10,476.43,480.94,461.38,488.79,465.54,474.62
train_lr_0.05_n_100_d_3_s_8_leaf_6,468.65,467.76,473.23,465.66,471.95,469.45
val_lr_0.05_n_100_d_3_s_8_leaf_6,476.22,481.35,461.26,488.94,465.11,474.58
train_lr_0.05_n_100_d_3_s_8_leaf_8,468.93,467.66,473.04,465.82,472.28,469.55
val_lr_0.05_n_100_d_3_s_8_leaf_8,476.6,481.38,461.36,489.1,465.71,474.83
train_lr_0.05_n_100_d_3_s_8_leaf_10,468.89,468.08,473.21,465.81,472.19,469.64
val_lr_0.05_n_100_d_3_s_8_leaf_10,476.43,480.94,461.38,488.79,465.54,474.62
train_lr_0.05_n_100_d_3_s_10_leaf_6,468.65,467.76,473.23,465.66,471.95,469.45
val_lr_0.05_n_100_d_3_s_10_leaf_6,476.22,481.35,461.26,488.94,465.11,474.58
train_lr_0.05_n_100_d_3_s_10_leaf_8,468.93,467.66,473.04,465.82,472.28,469.55
val_lr_0.05_n_100_d_3_s_10_leaf_8,476.6,481.38,461.36,489.1,465.71,474.83
train_lr_0.05_n_100_d_3_s_10_leaf_10,468.89,468.08,473.21,465.81,472.19,469.64
val_lr_0.05_n_100_d_3_s_10_leaf_10,476.43,480.94,461.38,488.79,465.54,474.62
train_lr_0.05_n_100_d_4_s_6_leaf_6,458.35,456.35,463.15,454.67,461.84,458.87
val_lr_0.05_n_100_d_4_s_6_leaf_6,469.83,475.88,454.6,483.93,461.01,469.05
train_lr_0.05_n_100_d_4_s_6_leaf_8,458.42,456.59,463.35,455.08,462.17,459.12
val_lr_0.05_n_100_d_4_s_6_leaf_8,470.06,476.16,454.99,484.05,460.56,469.16
train_lr_0.05_n_100_d_4_s_6_leaf_10,459.0,457.64,463.4,456.09,462.04,459.63
val_lr_0.05_n_100_d_4_s_6_leaf_10,470.5,476.14,454.57,484.54,460.34,469.22
train_lr_0.05_n_100_d_4_s_8_leaf_6,458.35,456.35,463.15,454.67,461.84,458.87
val_lr_0.05_n_100_d_4_s_8_leaf_6,469.83,475.88,454.6,483.93,461.01,469.05
train_lr_0.05_n_100_d_4_s_8_leaf_8,458.42,456.59,463.35,455.08,462.17,459.12
val_lr_0.05_n_100_d_4_s_8_leaf_8,470.06,476.16,454.99,484.05,460.56,469.16
train_lr_0.05_n_100_d_4_s_8_leaf_10,459.0,457.64,463.4,456.09,462.04,459.63
val_lr_0.05_n_100_d_4_s_8_leaf_10,470.5,476.14,454.57,484.54,460.34,469.22
train_lr_0.05_n_100_d_4_s_10_leaf_6,458.35,456.35,463.15,454.67,461.84,458.87
val_lr_0.05_n_100_d_4_s_10_leaf_6,469.83,475.88,454.6,483.93,461.01,469.05
train_lr_0.05_n_100_d_4_s_10_leaf_8,458.42,456.59,463.35,455.08,462.17,459.12
val_lr_0.05_n_100_d_4_s_10_leaf_8,470.06,476.16,454.99,484.05,460.56,469.16
train_lr_0.05_n_100_d_4_s_10_leaf_10,459.0,457.64,463.4,456.09,462.04,459.63
val_lr_0.05_n_100_d_4_s_10_leaf_10,470.5,476.14,454.57,484.54,460.34,469.22
train_lr_0.05_n_100_d_5_s_6_leaf_6,446.78,445.93,453.04,445.82,451.16,448.55
val_lr_0.05_n_100_d_5_s_6_leaf_6,465.83,473.25,450.22,481.52,458.11,465.79
train_lr_0.05_n_100_d_5_s_6_leaf_8,447.76,447.12,453.95,446.09,451.69,449.32
val_lr_0.05_n_100_d_5_s_6_leaf_8,465.92,473.31,451.26,480.92,456.89,465.66
train_lr_0.05_n_100_d_5_s_6_leaf_10,448.62,447.86,454.54,446.76,452.01,449.96
val_lr_0.05_n_100_d_5_s_6_leaf_10,466.21,473.09,450.65,480.93,456.6,465.5
train_lr_0.05_n_100_d_5_s_8_leaf_6,446.78,445.93,453.04,445.82,451.16,448.55
val_lr_0.05_n_100_d_5_s_8_leaf_6,465.83,473.25,450.22,481.52,458.11,465.79
train_lr_0.05_n_100_d_5_s_8_leaf_8,447.76,447.12,453.95,446.09,451.69,449.32
val_lr_0.05_n_100_d_5_s_8_leaf_8,465.92,473.31,451.26,480.92,456.89,465.66
train_lr_0.05_n_100_d_5_s_8_leaf_10,448.62,447.86,454.54,446.76,452.01,449.96
val_lr_0.05_n_100_d_5_s_8_leaf_10,466.21,473.09,450.65,480.93,456.6,465.5
train_lr_0.05_n_100_d_5_s_10_leaf_6,446.78,445.93,453.04,445.82,451.16,448.55
val_lr_0.05_n_100_d_5_s_10_leaf_6,465.83,473.25,450.22,481.52,458.11,465.79
train_lr_0.05_n_100_d_5_s_10_leaf_8,447.76,447.12,453.95,446.09,451.69,449.32
val_lr_0.05_n_100_d_5_s_10_leaf_8,465.92,473.31,451.26,480.92,456.89,465.66
train_lr_0.05_n_100_d_5_s_10_leaf_10,448.62,447.86,454.54,446.76,452.01,449.96
val_lr_0.05_n_100_d_5_s_10_leaf_10,466.21,473.09,450.65,480.93,456.6,465.5
train_lr_0.05_n_200_d_3_s_6_leaf_6,457.48,456.47,462.32,454.41,460.61,458.26
val_lr_0.05_n_200_d_3_s_6_leaf_6,469.25,474.78,451.96,482.2,458.55,467.35
train_lr_0.05_n_200_d_3_s_6_leaf_8,457.79,456.7,462.41,454.63,460.89,458.48
val_lr_0.05_n_200_d_3_s_6_leaf_8,469.29,474.84,452.64,482.49,458.26,467.5
train_lr_0.05_n_200_d_3_s_6_leaf_10,457.98,456.88,462.45,454.65,460.73,458.54
val_lr_0.05_n_200_d_3_s_6_leaf_10,469.18,474.18,451.91,481.67,458.11,467.01
train_lr_0.05_n_200_d_3_s_8_leaf_6,457.48,456.47,462.32,454.41,460.61,458.26
val_lr_0.05_n_200_d_3_s_8_leaf_6,469.25,474.78,451.96,482.2,458.55,467.35
train_lr_0.05_n_200_d_3_s_8_leaf_8,457.79,456.7,462.41,454.63,460.89,458.48
val_lr_0.05_n_200_d_3_s_8_leaf_8,469.29,474.84,452.64,482.49,458.26,467.5
train_lr_0.05_n_200_d_3_s_8_leaf_10,457.98,456.88,462.45,454.65,460.73,458.54
val_lr_0.05_n_200_d_3_s_8_leaf_10,469.18,474.18,451.91,481.67,458.11,467.01
train_lr_0.05_n_200_d_3_s_10_leaf_6,457.48,456.47,462.32,454.41,460.61,458.26
val_lr_0.05_n_200_d_3_s_10_leaf_6,469.25,474.78,451.96,482.2,458.55,467.35
train_lr_0.05_n_200_d_3_s_10_leaf_8,457.79,456.7,462.41,454.63,460.89,458.48
val_lr_0.05_n_200_d_3_s_10_leaf_8,469.29,474.84,452.64,482.49,458.26,467.5
train_lr_0.05_n_200_d_3_s_10_leaf_10,457.98,456.88,462.45,454.65,460.73,458.54
val_lr_0.05_n_200_d_3_s_10_leaf_10,469.18,474.18,451.91,481.67,458.11,467.01
train_lr_0.05_n_200_d_4_s_6_leaf_6,445.39,443.43,451.06,442.01,448.32,446.04
val_lr_0.05_n_200_d_4_s_6_leaf_6,464.34,471.62,447.27,479.2,456.93,463.87
train_lr_0.05_n_200_d_4_s_6_leaf_8,445.87,443.75,451.53,442.5,449.0,446.53
val_lr_0.05_n_200_d_4_s_6_leaf_8,464.61,471.47,447.51,479.36,455.86,463.76
train_lr_0.05_n_200_d_4_s_6_leaf_10,446.75,445.54,450.95,443.85,449.98,447.41
val_lr_0.05_n_200_d_4_s_6_leaf_10,465.55,470.79,447.58,479.27,455.11,463.66
train_lr_0.05_n_200_d_4_s_8_leaf_6,445.39,443.43,451.06,442.01,448.32,446.04
val_lr_0.05_n_200_d_4_s_8_leaf_6,464.34,471.62,447.27,479.2,456.93,463.87
train_lr_0.05_n_200_d_4_s_8_leaf_8,445.87,443.75,451.53,442.5,449.0,446.53
val_lr_0.05_n_200_d_4_s_8_leaf_8,464.61,471.47,447.51,479.36,455.86,463.76
train_lr_0.05_n_200_d_4_s_8_leaf_10,446.75,445.54,450.95,443.85,449.98,447.41
val_lr_0.05_n_200_d_4_s_8_leaf_10,465.55,470.79,447.58,479.27,455.11,463.66
train_lr_0.05_n_200_d_4_s_10_leaf_6,445.39,443.43,451.06,442.01,448.32,446.04
val_lr_0.05_n_200_d_4_s_10_leaf_6,464.34,471.62,447.27,479.2,456.93,463.87
train_lr_0.05_n_200_d_4_s_10_leaf_8,445.87,443.75,451.53,442.5,449.0,446.53
val_lr_0.05_n_200_d_4_s_10_leaf_8,464.61,471.47,447.51,479.36,455.86,463.76
train_lr_0.05_n_200_d_4_s_10_leaf_10,446.75,445.54,450.95,443.85,449.98,447.41
val_lr_0.05_n_200_d_4_s_10_leaf_10,465.55,470.79,447.58,479.27,455.11,463.66
train_lr_0.05_n_200_d_5_s_6_leaf_6,431.33,430.9,437.64,429.64,435.59,433.02
val_lr_0.05_n_200_d_5_s_6_leaf_6,463.58,469.54,445.82,478.31,455.07,462.46
train_lr_0.05_n_200_d_5_s_6_leaf_8,433.98,432.74,439.18,430.75,436.73,434.68
val_lr_0.05_n_200_d_5_s_6_leaf_8,463.66,469.93,447.18,477.96,454.25,462.6
train_lr_0.05_n_200_d_5_s_6_leaf_10,434.24,433.95,440.72,432.11,437.85,435.77
val_lr_0.05_n_200_d_5_s_6_leaf_10,463.62,469.43,446.29,477.63,453.94,462.18
train_lr_0.05_n_200_d_5_s_8_leaf_6,431.33,430.9,437.64,429.64,435.59,433.02
val_lr_0.05_n_200_d_5_s_8_leaf_6,463.58,469.54,445.82,478.31,455.07,462.46
train_lr_0.05_n_200_d_5_s_8_leaf_8,433.98,432.74,439.18,430.75,436.73,434.68
val_lr_0.05_n_200_d_5_s_8_leaf_8,463.66,469.93,447.18,477.96,454.25,462.6
train_lr_0.05_n_200_d_5_s_8_leaf_10,434.24,433.95,440.72,432.11,437.85,435.77
val_lr_0.05_n_200_d_5_s_8_leaf_10,463.62,469.43,446.29,477.63,453.94,462.18
train_lr_0.05_n_200_d_5_s_10_leaf_6,431.33,430.9,437.64,429.64,435.59,433.02
val_lr_0.05_n_200_d_5_s_10_leaf_6,463.58,469.54,445.82,478.31,455.07,462.46
train_lr_0.05_n_200_d_5_s_10_leaf_8,433.98,432.74,439.18,430.75,436.73,434.68
val_lr_0.05_n_200_d_5_s_10_leaf_8,463.66,469.93,447.18,477.96,454.25,462.6
train_lr_0.05_n_200_d_5_s_10_leaf_10,434.24,433.95,440.72,432.11,437.85,435.77
val_lr_0.05_n_200_d_5_s_10_leaf_10,463.62,469.43,446.29,477.63,453.94,462.18
train_lr_0.05_n_500_d_3_s_6_leaf_6,445.09,443.72,449.33,442.13,447.69,445.59
val_lr_0.05_n_500_d_3_s_6_leaf_6,466.15,471.01,447.26,477.72,455.72,463.57
train_lr_0.05_n_500_d_3_s_6_leaf_8,445.53,444.57,449.48,442.55,447.87,446.0
val_lr_0.05_n_500_d_3_s_6_leaf_8,466.47,470.17,447.88,477.78,454.52,463.36
train_lr_0.05_n_500_d_3_s_6_leaf_10,445.83,444.93,450.15,442.99,448.22,446.42
val_lr_0.05_n_500_d_3_s_6_leaf_10,466.0,469.56,447.33,477.62,454.72,463.05
train_lr_0.05_n_500_d_3_s_8_leaf_6,445.09,443.72,449.33,442.13,447.69,445.59
val_lr_0.05_n_500_d_3_s_8_leaf_6,466.15,471.01,447.26,477.72,455.72,463.57
train_lr_0.05_n_500_d_3_s_8_leaf_8,445.53,444.57,449.48,442.55,447.87,446.0
val_lr_0.05_n_500_d_3_s_8_leaf_8,466.47,470.17,447.88,477.78,454.52,463.36
train_lr_0.05_n_500_d_3_s_8_leaf_10,445.83,444.93,450.15,442.99,448.22,446.42
val_lr_0.05_n_500_d_3_s_8_leaf_10,466.0,469.56,447.33,477.62,454.72,463.05
train_lr_0.05_n_500_d_3_s_10_leaf_6,445.09,443.72,449.33,442.13,447.69,445.59
val_lr_0.05_n_500_d_3_s_10_leaf_6,466.15,471.01,447.26,477.72,455.72,463.57
train_lr_0.05_n_500_d_3_s_10_leaf_8,445.53,444.57,449.48,442.55,447.87,446.0
val_lr_0.05_n_500_d_3_s_10_leaf_8,466.47,470.17,447.88,477.78,454.52,463.36
train_lr_0.05_n_500_d_3_s_10_leaf_10,445.83,444.93,450.15,442.99,448.22,446.42
val_lr_0.05_n_500_d_3_s_10_leaf_10,466.0,469.56,447.33,477.62,454.72,463.05
train_lr_0.05_n_500_d_4_s_6_leaf_6,426.36,424.88,430.65,423.19,427.98,426.61
val_lr_0.05_n_500_d_4_s_6_leaf_6,462.69,469.71,445.53,476.8,456.22,462.19
train_lr_0.05_n_500_d_4_s_6_leaf_8,427.17,425.39,431.34,424.67,430.28,427.77
val_lr_0.05_n_500_d_4_s_6_leaf_8,462.74,469.5,446.55,477.54,454.82,462.23
train_lr_0.05_n_500_d_4_s_6_leaf_10,428.73,428.46,432.26,426.24,432.12,429.56
val_lr_0.05_n_500_d_4_s_6_leaf_10,464.26,469.34,446.16,476.54,455.35,462.33
train_lr_0.05_n_500_d_4_s_8_leaf_6,426.36,424.88,430.65,423.19,427.98,426.61
val_lr_0.05_n_500_d_4_s_8_leaf_6,462.69,469.71,445.53,476.8,456.22,462.19
train_lr_0.05_n_500_d_4_s_8_leaf_8,427.17,425.39,431.34,424.67,430.28,427.77
val_lr_0.05_n_500_d_4_s_8_leaf_8,462.74,469.5,446.55,477.54,454.82,462.23
train_lr_0.05_n_500_d_4_s_8_leaf_10,428.73,428.46,432.26,426.24,432.12,429.56
val_lr_0.05_n_500_d_4_s_8_leaf_10,464.26,469.34,446.16,476.54,455.35,462.33
train_lr_0.05_n_500_d_4_s_10_leaf_6,426.36,424.88,430.65,423.19,427.98,426.61
val_lr_0.05_n_500_d_4_s_10_leaf_6,462.69,469.71,445.53,476.8,456.22,462.19
train_lr_0.05_n_500_d_4_s_10_leaf_8,427.17,425.39,431.34,424.67,430.28,427.77
val_lr_0.05_n_500_d_4_s_10_leaf_8,462.74,469.5,446.55,477.54,454.82,462.23
train_lr_0.05_n_500_d_4_s_10_leaf_10,428.73,428.46,432.26,426.24,432.12,429.56
val_lr_0.05_n_500_d_4_s_10_leaf_10,464.26,469.34,446.16,476.54,455.35,462.33
train_lr_0.05_n_500_d_5_s_6_leaf_6,403.02,402.32,407.46,400.47,406.48,403.95
val_lr_0.05_n_500_d_5_s_6_leaf_6,466.4,471.19,447.05,477.91,456.52,463.81
train_lr_0.05_n_500_d_5_s_6_leaf_8,407.11,405.39,410.32,404.06,408.42,407.06
val_lr_0.05_n_500_d_5_s_6_leaf_8,465.05,470.96,449.08,479.57,455.38,464.01
train_lr_0.05_n_500_d_5_s_6_leaf_10,408.67,409.01,413.71,405.76,413.39,410.11
val_lr_0.05_n_500_d_5_s_6_leaf_10,465.63,469.91,447.55,477.3,454.57,462.99
train_lr_0.05_n_500_d_5_s_8_leaf_6,403.02,402.32,407.46,400.47,406.48,403.95
val_lr_0.05_n_500_d_5_s_8_leaf_6,466.4,471.19,447.05,477.91,456.52,463.81
train_lr_0.05_n_500_d_5_s_8_leaf_8,407.11,405.39,410.32,404.06,408.42,407.06
val_lr_0.05_n_500_d_5_s_8_leaf_8,465.05,470.96,449.08,479.57,455.38,464.01
train_lr_0.05_n_500_d_5_s_8_leaf_10,408.67,409.01,413.71,405.76,413.39,410.11
val_lr_0.05_n_500_d_5_s_8_leaf_10,465.63,469.91,447.55,477.3,454.57,462.99
train_lr_0.05_n_500_d_5_s_10_leaf_6,403.02,402.32,407.46,400.47,406.48,403.95
val_lr_0.05_n_500_d_5_s_10_leaf_6,466.4,471.19,447.05,477.91,456.52,463.81
train_lr_0.05_n_500_d_5_s_10_leaf_8,407.11,405.39,410.32,404.06,408.42,407.06
val_lr_0.05_n_500_d_5_s_10_leaf_8,465.05,470.96,449.08,479.57,455.38,464.01
train_lr_0.05_n_500_d_5_s_10_leaf_10,408.67,409.01,413.71,405.76,413.39,410.11
val_lr_0.05_n_500_d_5_s_10_leaf_10,465.63,469.91,447.55,477.3,454.57,462.99
train_lr_0.1_n_100_d_3_s_8_leaf_16,458.35,456.7,462.61,454.33,460.36,458.47
val_lr_0.1_n_100_d_3_s_8_leaf_16,469.13,473.95,452.3,481.12,457.04,466.71
train_lr_0.1_n_100_d_3_s_8_leaf_30,459.28,458.35,463.48,455.24,462.0,459.67
val_lr_0.1_n_100_d_3_s_8_leaf_30,468.75,473.7,452.21,482.71,458.94,467.26
train_lr_0.1_n_100_d_3_s_16_leaf_16,458.35,456.7,462.61,454.33,460.36,458.47
val_lr_0.1_n_100_d_3_s_16_leaf_16,469.13,473.95,452.3,481.12,457.04,466.71
train_lr_0.1_n_100_d_3_s_16_leaf_30,459.28,458.35,463.48,455.24,462.0,459.67
val_lr_0.1_n_100_d_3_s_16_leaf_30,468.75,473.7,452.21,482.71,458.94,467.26
train_lr_0.1_n_100_d_3_s_30_leaf_16,458.35,456.7,462.61,454.33,460.36,458.47
val_lr_0.1_n_100_d_3_s_30_leaf_16,469.13,473.95,452.3,481.12,457.04,466.71
train_lr_0.1_n_100_d_3_s_30_leaf_30,459.28,458.35,463.48,455.24,462.0,459.67
val_lr_0.1_n_100_d_3_s_30_leaf_30,468.75,473.7,452.21,482.71,458.94,467.26
train_lr_0.1_n_100_d_4_s_8_leaf_16,447.46,445.87,451.93,444.51,450.32,448.02
val_lr_0.1_n_100_d_4_s_8_leaf_16,464.46,471.11,448.34,479.29,454.58,463.56
train_lr_0.1_n_100_d_4_s_8_leaf_30,450.24,448.2,454.17,447.37,452.71,450.54
val_lr_0.1_n_100_d_4_s_8_leaf_30,464.86,470.58,448.61,479.02,455.7,463.75
train_lr_0.1_n_100_d_4_s_16_leaf_16,447.46,445.87,451.93,444.51,450.32,448.02
val_lr_0.1_n_100_d_4_s_16_leaf_16,464.46,471.11,448.34,479.29,454.58,463.56
train_lr_0.1_n_100_d_4_s_16_leaf_30,450.24,448.2,454.17,447.37,452.71,450.54
val_lr_0.1_n_100_d_4_s_16_leaf_30,464.86,470.58,448.61,479.02,455.7,463.75
train_lr_0.1_n_100_d_4_s_30_leaf_16,447.46,445.87,451.93,444.51,450.32,448.02
val_lr_0.1_n_100_d_4_s_30_leaf_16,464.46,471.11,448.34,479.29,454.58,463.56
train_lr_0.1_n_100_d_4_s_30_leaf_30,450.24,448.2,454.17,447.37,452.71,450.54
val_lr_0.1_n_100_d_4_s_30_leaf_30,464.86,470.58,448.61,479.02,455.7,463.75
train_lr_0.1_n_100_d_5_s_8_leaf_16,437.31,435.35,442.75,435.14,439.82,438.07
val_lr_0.1_n_100_d_5_s_8_leaf_16,463.2,468.96,447.28,477.53,454.89,462.37
train_lr_0.1_n_100_d_5_s_8_leaf_30,441.93,439.9,445.97,438.9,444.46,442.23
val_lr_0.1_n_100_d_5_s_8_leaf_30,464.42,469.81,447.03,477.79,454.87,462.78
train_lr_0.1_n_100_d_5_s_16_leaf_16,437.31,435.35,442.75,435.14,439.82,438.07
val_lr_0.1_n_100_d_5_s_16_leaf_16,463.2,468.96,447.28,477.53,454.89,462.37
train_lr_0.1_n_100_d_5_s_16_leaf_30,441.93,439.9,445.97,438.9,444.46,442.23
val_lr_0.1_n_100_d_5_s_16_leaf_30,464.42,469.81,447.03,477.79,454.87,462.78
train_lr_0.1_n_100_d_5_s_30_leaf_16,437.31,435.35,442.75,435.14,439.82,438.07
val_lr_0.1_n_100_d_5_s_30_leaf_16,463.2,468.96,447.28,477.53,454.89,462.37
train_lr_0.1_n_100_d_5_s_30_leaf_30,441.93,439.9,445.97,438.9,444.46,442.23
val_lr_0.1_n_100_d_5_s_30_leaf_30,464.42,469.81,447.03,477.79,454.87,462.78
train_lr_0.1_n_200_d_3_s_8_leaf_16,449.2,448.18,452.91,446.33,451.49,449.62
val_lr_0.1_n_200_d_3_s_8_leaf_16,465.79,470.0,448.42,477.32,454.16,463.14
train_lr_0.1_n_200_d_3_s_8_leaf_30,451.11,450.1,455.23,447.47,453.53,451.49
val_lr_0.1_n_200_d_3_s_8_leaf_30,465.51,470.33,448.93,479.3,456.48,464.11
train_lr_0.1_n_200_d_3_s_16_leaf_16,449.2,448.18,452.91,446.33,451.49,449.62
val_lr_0.1_n_200_d_3_s_16_leaf_16,465.79,470.0,448.42,477.32,454.16,463.14
train_lr_0.1_n_200_d_3_s_16_leaf_30,451.11,450.1,455.23,447.47,453.53,451.49
val_lr_0.1_n_200_d_3_s_16_leaf_30,465.51,470.33,448.93,479.3,456.48,464.11
train_lr_0.1_n_200_d_3_s_30_leaf_16,449.2,448.18,452.91,446.33,451.49,449.62
val_lr_0.1_n_200_d_3_s_30_leaf_16,465.79,470.0,448.42,477.32,454.16,463.14
train_lr_0.1_n_200_d_3_s_30_leaf_30,451.11,450.1,455.23,447.47,453.53,451.49
val_lr_0.1_n_200_d_3_s_30_leaf_30,465.51,470.33,448.93,479.3,456.48,464.11
train_lr_0.1_n_200_d_4_s_8_leaf_16,435.75,434.96,439.27,433.18,438.49,436.33
val_lr_0.1_n_200_d_4_s_8_leaf_16,462.91,468.97,446.89,477.39,452.97,461.83
train_lr_0.1_n_200_d_4_s_8_leaf_30,439.48,439.01,443.1,437.33,442.49,440.28
val_lr_0.1_n_200_d_4_s_8_leaf_30,463.56,468.91,447.01,477.45,454.79,462.34
train_lr_0.1_n_200_d_4_s_16_leaf_16,435.75,434.96,439.27,433.18,438.49,436.33
val_lr_0.1_n_200_d_4_s_16_leaf_16,462.91,468.97,446.89,477.39,452.97,461.83
train_lr_0.1_n_200_d_4_s_16_leaf_30,439.48,439.01,443.1,437.33,442.49,440.28
val_lr_0.1_n_200_d_4_s_16_leaf_30,463.56,468.91,447.01,477.45,454.79,462.34
train_lr_0.1_n_200_d_4_s_30_leaf_16,435.75,434.96,439.27,433.18,438.49,436.33
val_lr_0.1_n_200_d_4_s_30_leaf_16,462.91,468.97,446.89,477.39,452.97,461.83
train_lr_0.1_n_200_d_4_s_30_leaf_30,439.48,439.01,443.1,437.33,442.49,440.28
val_lr_0.1_n_200_d_4_s_30_leaf_30,463.56,468.91,447.01,477.45,454.79,462.34
train_lr_0.1_n_200_d_5_s_8_leaf_16,420.57,420.1,424.6,417.93,423.42,421.32
val_lr_0.1_n_200_d_5_s_8_leaf_16,462.9,469.03,447.21,477.24,455.72,462.42
train_lr_0.1_n_200_d_5_s_8_leaf_30,429.1,427.03,431.73,424.92,428.95,428.35
val_lr_0.1_n_200_d_5_s_8_leaf_30,463.61,470.57,446.87,476.62,454.36,462.41
train_lr_0.1_n_200_d_5_s_16_leaf_16,420.57,420.1,424.6,417.93,423.42,421.32
val_lr_0.1_n_200_d_5_s_16_leaf_16,462.9,469.03,447.21,477.24,455.72,462.42
train_lr_0.1_n_200_d_5_s_16_leaf_30,429.1,427.03,431.73,424.92,428.95,428.35
val_lr_0.1_n_200_d_5_s_16_leaf_30,463.61,470.57,446.87,476.62,454.36,462.41
train_lr_0.1_n_200_d_5_s_30_leaf_16,420.57,420.1,424.6,417.93,423.42,421.32
val_lr_0.1_n_200_d_5_s_30_leaf_16,462.9,469.03,447.21,477.24,455.72,462.42
train_lr_0.1_n_200_d_5_s_30_leaf_30,429.1,427.03,431.73,424.92,428.95,428.35
val_lr_0.1_n_200_d_5_s_30_leaf_30,463.61,470.57,446.87,476.62,454.36,462.41
train_lr_0.1_n_500_d_3_s_8_leaf_16,435.41,433.38,438.77,430.93,437.06,435.11
val_lr_0.1_n_500_d_3_s_8_leaf_16,463.53,469.65,446.98,477.06,453.68,462.18
train_lr_0.1_n_500_d_3_s_8_leaf_30,437.91,436.66,442.43,435.16,439.78,438.39
val_lr_0.1_n_500_d_3_s_8_leaf_30,462.97,469.89,447.6,477.27,454.65,462.48
train_lr_0.1_n_500_d_3_s_16_leaf_16,435.41,433.38,438.77,430.93,437.06,435.11
val_lr_0.1_n_500_d_3_s_16_leaf_16,463.53,469.65,446.98,477.06,453.68,462.18
train_lr_0.1_n_500_d_3_s_16_leaf_30,437.91,436.66,442.43,435.16,439.78,438.39
val_lr_0.1_n_500_d_3_s_16_leaf_30,462.97,469.89,447.6,477.27,454.65,462.48
train_lr_0.1_n_500_d_3_s_30_leaf_16,435.41,433.38,438.77,430.93,437.06,435.11
val_lr_0.1_n_500_d_3_s_30_leaf_16,463.53,469.65,446.98,477.06,453.68,462.18
train_lr_0.1_n_500_d_3_s_30_leaf_30,437.91,436.66,442.43,435.16,439.78,438.39
val_lr_0.1_n_500_d_3_s_30_leaf_30,462.97,469.89,447.6,477.27,454.65,462.48
train_lr_0.1_n_500_d_4_s_8_leaf_16,413.02,412.38,416.19,411.7,416.82,414.02
val_lr_0.1_n_500_d_4_s_8_leaf_16,464.89,472.62,450.3,479.66,456.38,464.77
train_lr_0.1_n_500_d_4_s_8_leaf_30,421.43,419.1,426.03,417.75,422.8,421.42
val_lr_0.1_n_500_d_4_s_8_leaf_30,466.9,473.49,449.58,478.32,456.86,465.03
train_lr_0.1_n_500_d_4_s_16_leaf_16,413.02,412.38,416.19,411.7,416.82,414.02
val_lr_0.1_n_500_d_4_s_16_leaf_16,464.89,472.62,450.3,479.66,456.38,464.77
train_lr_0.1_n_500_d_4_s_16_leaf_30,421.43,419.1,426.03,417.75,422.8,421.42
val_lr_0.1_n_500_d_4_s_16_leaf_30,466.9,473.49,449.58,478.32,456.86,465.03
train_lr_0.1_n_500_d_4_s_30_leaf_16,413.02,412.38,416.19,411.7,416.82,414.02
val_lr_0.1_n_500_d_4_s_30_leaf_16,464.89,472.62,450.3,479.66,456.38,464.77
train_lr_0.1_n_500_d_4_s_30_leaf_30,421.43,419.1,426.03,417.75,422.8,421.42
val_lr_0.1_n_500_d_4_s_30_leaf_30,466.9,473.49,449.58,478.32,456.86,465.03
train_lr_0.1_n_500_d_5_s_8_leaf_16,390.65,386.88,393.64,386.47,391.2,389.77
val_lr_0.1_n_500_d_5_s_8_leaf_16,471.17,478.21,454.87,483.6,460.44,469.66
train_lr_0.1_n_500_d_5_s_8_leaf_30,404.63,403.01,407.49,400.56,405.64,404.27
val_lr_0.1_n_500_d_5_s_8_leaf_30,469.13,474.84,451.17,481.43,459.7,467.25
train_lr_0.1_n_500_d_5_s_16_leaf_16,390.65,386.88,393.64,386.47,391.2,389.77
val_lr_0.1_n_500_d_5_s_16_leaf_16,471.17,478.21,454.87,483.6,460.44,469.66
train_lr_0.1_n_500_d_5_s_16_leaf_30,404.63,403.01,407.49,400.56,405.64,404.27
val_lr_0.1_n_500_d_5_s_16_leaf_30,469.13,474.84,451.17,481.43,459.7,467.25
train_lr_0.1_n_500_d_5_s_30_leaf_16,390.65,386.88,393.64,386.47,391.2,389.77
val_lr_0.1_n_500_d_5_s_30_leaf_16,471.17,478.21,454.87,483.6,460.44,469.66
train_lr_0.1_n_500_d_5_s_30_leaf_30,404.63,403.01,407.49,400.56,405.64,404.27
val_lr_0.1_n_500_d_5_s_30_leaf_30,469.13,474.84,451.17,481.43,459.7,467.25
train_lr_0.05_n_100_d_3_s_8_leaf_16,469.01,467.78,473.38,466.09,472.35,469.72
val_lr_0.05_n_100_d_3_s_8_leaf_16,476.36,480.77,461.37,489.24,465.4,474.63
train_lr_0.05_n_100_d_3_s_8_leaf_30,469.94,468.78,474.0,466.59,473.2,470.5
val_lr_0.05_n_100_d_3_s_8_leaf_30,476.66,481.18,461.46,489.55,466.05,474.98
train_lr_0.05_n_100_d_3_s_16_leaf_16,469.01,467.78,473.38,466.09,472.35,469.72
val_lr_0.05_n_100_d_3_s_16_leaf_16,476.36,480.77,461.37,489.24,465.4,474.63
train_lr_0.05_n_100_d_3_s_16_leaf_30,469.94,468.78,474.0,466.59,473.2,470.5
val_lr_0.05_n_100_d_3_s_16_leaf_30,476.66,481.18,461.46,489.55,466.05,474.98
train_lr_0.05_n_100_d_3_s_30_leaf_16,469.01,467.78,473.38,466.09,472.35,469.72
val_lr_0.05_n_100_d_3_s_30_leaf_16,476.36,480.77,461.37,489.24,465.4,474.63
train_lr_0.05_n_100_d_3_s_30_leaf_30,469.94,468.78,474.0,466.59,473.2,470.5
val_lr_0.05_n_100_d_3_s_30_leaf_30,476.66,481.18,461.46,489.55,466.05,474.98
train_lr_0.05_n_100_d_4_s_8_leaf_16,459.81,458.21,464.43,456.12,462.97,460.31
val_lr_0.05_n_100_d_4_s_8_leaf_16,470.48,475.64,455.57,484.46,460.1,469.25
train_lr_0.05_n_100_d_4_s_8_leaf_30,460.96,459.66,465.47,458.18,464.0,461.65
val_lr_0.05_n_100_d_4_s_8_leaf_30,470.82,476.07,455.13,484.44,461.07,469.51
train_lr_0.05_n_100_d_4_s_16_leaf_16,459.81,458.21,464.43,456.12,462.97,460.31
val_lr_0.05_n_100_d_4_s_16_leaf_16,470.48,475.64,455.57,484.46,460.1,469.25
train_lr_0.05_n_100_d_4_s_16_leaf_30,460.96,459.66,465.47,458.18,464.0,461.65
val_lr_0.05_n_100_d_4_s_16_leaf_30,470.82,476.07,455.13,484.44,461.07,469.51
train_lr_0.05_n_100_d_4_s_30_leaf_16,459.81,458.21,464.43,456.12,462.97,460.31
val_lr_0.05_n_100_d_4_s_30_leaf_16,470.48,475.64,455.57,484.46,460.1,469.25
train_lr_0.05_n_100_d_4_s_30_leaf_30,460.96,459.66,465.47,458.18,464.0,461.65
val_lr_0.05_n_100_d_4_s_30_leaf_30,470.82,476.07,455.13,484.44,461.07,469.51
train_lr_0.05_n_100_d_5_s_8_leaf_16,449.78,449.14,456.47,448.69,454.56,451.73
val_lr_0.05_n_100_d_5_s_8_leaf_16,466.2,472.76,451.0,481.08,456.96,465.6
train_lr_0.05_n_100_d_5_s_8_leaf_30,453.01,452.0,457.83,450.64,456.92,454.08
val_lr_0.05_n_100_d_5_s_8_leaf_30,467.12,473.31,452.36,481.52,458.22,466.51
train_lr_0.05_n_100_d_5_s_16_leaf_16,449.78,449.14,456.47,448.69,454.56,451.73
val_lr_0.05_n_100_d_5_s_16_leaf_16,466.2,472.76,451.0,481.08,456.96,465.6
train_lr_0.05_n_100_d_5_s_16_leaf_30,453.01,452.0,457.83,450.64,456.92,454.08
val_lr_0.05_n_100_d_5_s_16_leaf_30,467.12,473.31,452.36,481.52,458.22,466.51
train_lr_0.05_n_100_d_5_s_30_leaf_16,449.78,449.14,456.47,448.69,454.56,451.73
val_lr_0.05_n_100_d_5_s_30_leaf_16,466.2,472.76,451.0,481.08,456.96,465.6
train_lr_0.05_n_100_d_5_s_30_leaf_30,453.01,452.0,457.83,450.64,456.92,454.08
val_lr_0.05_n_100_d_5_s_30_leaf_30,467.12,473.31,452.36,481.52,458.22,466.51
train_lr_0.05_n_200_d_3_s_8_leaf_16,458.34,457.12,462.58,455.52,461.2,458.95
val_lr_0.05_n_200_d_3_s_8_leaf_16,468.91,473.95,452.28,482.54,457.89,467.11
train_lr_0.05_n_200_d_3_s_8_leaf_30,459.54,458.72,463.68,456.08,462.07,460.02
val_lr_0.05_n_200_d_3_s_8_leaf_30,469.18,473.97,452.31,482.8,458.61,467.37
train_lr_0.05_n_200_d_3_s_16_leaf_16,458.34,457.12,462.58,455.52,461.2,458.95
val_lr_0.05_n_200_d_3_s_16_leaf_16,468.91,473.95,452.28,482.54,457.89,467.11
train_lr_0.05_n_200_d_3_s_16_leaf_30,459.54,458.72,463.68,456.08,462.07,460.02
val_lr_0.05_n_200_d_3_s_16_leaf_30,469.18,473.97,452.31,482.8,458.61,467.37
train_lr_0.05_n_200_d_3_s_30_leaf_16,458.34,457.12,462.58,455.52,461.2,458.95
val_lr_0.05_n_200_d_3_s_30_leaf_16,468.91,473.95,452.28,482.54,457.89,467.11
train_lr_0.05_n_200_d_3_s_30_leaf_30,459.54,458.72,463.68,456.08,462.07,460.02
val_lr_0.05_n_200_d_3_s_30_leaf_30,469.18,473.97,452.31,482.8,458.61,467.37
train_lr_0.05_n_200_d_4_s_8_leaf_16,448.24,446.53,452.74,445.2,450.79,448.7
val_lr_0.05_n_200_d_4_s_8_leaf_16,464.57,470.03,448.33,479.38,455.21,463.5
train_lr_0.05_n_200_d_4_s_8_leaf_30,450.81,449.29,454.96,447.87,453.09,451.2
val_lr_0.05_n_200_d_4_s_8_leaf_30,465.68,471.03,448.39,479.55,456.05,464.14
train_lr_0.05_n_200_d_4_s_16_leaf_16,448.24,446.53,452.74,445.2,450.79,448.7
val_lr_0.05_n_200_d_4_s_16_leaf_16,464.57,470.03,448.33,479.38,455.21,463.5
train_lr_0.05_n_200_d_4_s_16_leaf_30,450.81,449.29,454.96,447.87,453.09,451.2
val_lr_0.05_n_200_d_4_s_16_leaf_30,465.68,471.03,448.39,479.55,456.05,464.14
train_lr_0.05_n_200_d_4_s_30_leaf_16,448.24,446.53,452.74,445.2,450.79,448.7
val_lr_0.05_n_200_d_4_s_30_leaf_16,464.57,470.03,448.33,479.38,455.21,463.5
train_lr_0.05_n_200_d_4_s_30_leaf_30,450.81,449.29,454.96,447.87,453.09,451.2
val_lr_0.05_n_200_d_4_s_30_leaf_30,465.68,471.03,448.39,479.55,456.05,464.14
train_lr_0.05_n_200_d_5_s_8_leaf_16,436.54,435.88,443.36,434.53,441.09,438.28
val_lr_0.05_n_200_d_5_s_8_leaf_16,462.49,468.76,446.93,477.13,453.99,461.86
train_lr_0.05_n_200_d_5_s_8_leaf_30,442.16,439.94,446.11,439.13,444.96,442.46
val_lr_0.05_n_200_d_5_s_8_leaf_30,463.7,469.3,447.44,478.03,454.76,462.65
train_lr_0.05_n_200_d_5_s_16_leaf_16,436.54,435.88,443.36,434.53,441.09,438.28
val_lr_0.05_n_200_d_5_s_16_leaf_16,462.49,468.76,446.93,477.13,453.99,461.86
train_lr_0.05_n_200_d_5_s_16_leaf_30,442.16,439.94,446.11,439.13,444.96,442.46
val_lr_0.05_n_200_d_5_s_16_leaf_30,463.7,469.3,447.44,478.03,454.76,462.65
train_lr_0.05_n_200_d_5_s_30_leaf_16,436.54,435.88,443.36,434.53,441.09,438.28
val_lr_0.05_n_200_d_5_s_30_leaf_16,462.49,468.76,446.93,477.13,453.99,461.86
train_lr_0.05_n_200_d_5_s_30_leaf_30,442.16,439.94,446.11,439.13,444.96,442.46
val_lr_0.05_n_200_d_5_s_30_leaf_30,463.7,469.3,447.44,478.03,454.76,462.65
train_lr_0.05_n_500_d_3_s_8_leaf_16,446.93,445.49,450.81,444.27,449.29,447.36
val_lr_0.05_n_500_d_3_s_8_leaf_16,465.22,469.23,447.39,477.66,455.06,462.91
train_lr_0.05_n_500_d_3_s_8_leaf_30,448.73,448.34,453.22,445.46,451.15,449.38
val_lr_0.05_n_500_d_3_s_8_leaf_30,465.49,469.74,448.35,477.98,455.37,463.39
train_lr_0.05_n_500_d_3_s_16_leaf_16,446.93,445.49,450.81,444.27,449.29,447.36
val_lr_0.05_n_500_d_3_s_16_leaf_16,465.22,469.23,447.39,477.66,455.06,462.91
train_lr_0.05_n_500_d_3_s_16_leaf_30,448.73,448.34,453.22,445.46,451.15,449.38
val_lr_0.05_n_500_d_3_s_16_leaf_30,465.49,469.74,448.35,477.98,455.37,463.39
train_lr_0.05_n_500_d_3_s_30_leaf_16,446.93,445.49,450.81,444.27,449.29,447.36
val_lr_0.05_n_500_d_3_s_30_leaf_16,465.22,469.23,447.39,477.66,455.06,462.91
train_lr_0.05_n_500_d_3_s_30_leaf_30,448.73,448.34,453.22,445.46,451.15,449.38
val_lr_0.05_n_500_d_3_s_30_leaf_30,465.49,469.74,448.35,477.98,455.37,463.39
train_lr_0.05_n_500_d_4_s_8_leaf_16,431.92,431.01,435.51,429.67,434.93,432.61
val_lr_0.05_n_500_d_4_s_8_leaf_16,462.97,468.44,447.14,476.5,454.02,461.81
train_lr_0.05_n_500_d_4_s_8_leaf_30,436.17,435.86,440.47,433.49,438.75,436.95
val_lr_0.05_n_500_d_4_s_8_leaf_30,463.99,468.24,446.3,477.22,455.18,462.19
train_lr_0.05_n_500_d_4_s_16_leaf_16,431.92,431.01,435.51,429.67,434.93,432.61
val_lr_0.05_n_500_d_4_s_16_leaf_16,462.97,468.44,447.14,476.5,454.02,461.81
train_lr_0.05_n_500_d_4_s_16_leaf_30,436.17,435.86,440.47,433.49,438.75,436.95
val_lr_0.05_n_500_d_4_s_16_leaf_30,463.99,468.24,446.3,477.22,455.18,462.19
train_lr_0.05_n_500_d_4_s_30_leaf_16,431.92,431.01,435.51,429.67,434.93,432.61
val_lr_0.05_n_500_d_4_s_30_leaf_16,462.97,468.44,447.14,476.5,454.02,461.81
train_lr_0.05_n_500_d_4_s_30_leaf_30,436.17,435.86,440.47,433.49,438.75,436.95
val_lr_0.05_n_500_d_4_s_30_leaf_30,463.99,468.24,446.3,477.22,455.18,462.19
train_lr_0.05_n_500_d_5_s_8_leaf_16,415.23,413.31,418.62,411.93,417.45,415.31
val_lr_0.05_n_500_d_5_s_8_leaf_16,463.29,469.4,447.23,477.68,455.32,462.58
train_lr_0.05_n_500_d_5_s_8_leaf_30,423.8,422.46,428.19,420.13,425.79,424.07
val_lr_0.05_n_500_d_5_s_8_leaf_30,465.12,470.23,446.92,476.09,456.23,462.92
train_lr_0.05_n_500_d_5_s_16_leaf_16,415.23,413.31,418.62,411.93,417.45,415.31
val_lr_0.05_n_500_d_5_s_16_leaf_16,463.29,469.4,447.23,477.68,455.32,462.58
train_lr_0.05_n_500_d_5_s_16_leaf_30,423.8,422.46,428.19,420.13,425.79,424.07
val_lr_0.05_n_500_d_5_s_16_leaf_30,465.12,470.23,446.92,476.09,456.23,462.92
train_lr_0.05_n_500_d_5_s_30_leaf_16,415.23,413.31,418.62,411.93,417.45,415.31
val_lr_0.05_n_500_d_5_s_30_leaf_16,463.29,469.4,447.23,477.68,455.32,462.58
train_lr_0.05_n_500_d_5_s_30_leaf_30,423.8,422.46,428.19,420.13,425.79,424.07
val_lr_0.05_n_500_d_5_s_30_leaf_30,465.12,470.23,446.92,476.09,456.23,462.92
