train_n_100_lr_0.3_d_3_child_1,438.95,438.61,444.65,436.71,440.97,439.98
val_n_100_lr_0.3_d_3_child_1,465.61,472.75,447.77,478.95,456.21,464.26
train_n_100_lr_0.3_d_3_child_2,439.9,438.32,444.6,436.83,440.92,440.11
val_n_100_lr_0.3_d_3_child_2,464.4,472.18,448.26,479.38,454.27,463.7
train_n_100_lr_0.3_d_3_child_5,440.25,440.5,444.57,436.06,443.75,441.03
val_n_100_lr_0.3_d_3_child_5,466.27,472.56,446.78,477.39,455.54,463.71
train_n_100_lr_0.3_d_3_child_10,441.57,440.92,445.96,438.51,443.87,442.17
val_n_100_lr_0.3_d_3_child_10,464.46,471.93,447.75,478.11,454.49,463.35
train_n_100_lr_0.2_d_3_child_1,447.4,445.91,451.23,443.45,449.02,447.4
val_n_100_lr_0.2_d_3_child_1,466.87,471.87,449.07,476.88,455.89,464.12
train_n_100_lr_0.2_d_3_child_2,447.37,445.4,451.81,443.63,449.49,447.54
val_n_100_lr_0.2_d_3_child_2,465.86,471.99,446.64,477.93,455.66,463.62
train_n_100_lr_0.2_d_3_child_5,448.07,447.17,452.8,444.71,450.13,448.58
val_n_100_lr_0.2_d_3_child_5,466.23,471.87,447.38,478.12,457.08,464.14
train_n_100_lr_0.2_d_3_child_10,448.22,447.23,452.0,445.2,451.51,448.83
val_n_100_lr_0.2_d_3_child_10,465.2,470.48,448.73,477.85,455.21,463.49
train_n_100_lr_0.1_d_3_child_1,457.44,455.34,462.16,453.61,459.1,457.53
val_n_100_lr_0.1_d_3_child_1,469.55,474.64,452.46,481.03,458.2,467.18
train_n_100_lr_0.1_d_3_child_2,457.39,455.57,462.18,453.6,460.19,457.79
val_n_100_lr_0.1_d_3_child_2,468.54,474.27,452.4,481.1,459.02,467.07
train_n_100_lr_0.1_d_3_child_5,457.56,456.0,462.03,453.96,460.01,457.91
val_n_100_lr_0.1_d_3_child_5,468.07,474.56,452.14,480.88,457.62,466.65
train_n_100_lr_0.1_d_3_child_10,457.74,456.51,462.36,454.31,461.12,458.41
val_n_100_lr_0.1_d_3_child_10,468.32,473.36,452.26,481.77,458.86,466.91
train_n_100_lr_0.05_d_3_child_1,469.06,467.44,473.11,465.38,471.98,469.39
val_n_100_lr_0.05_d_3_child_1,476.94,480.97,461.7,488.65,465.89,474.83
train_n_100_lr_0.05_d_3_child_2,469.2,467.52,473.13,465.49,472.05,469.48
val_n_100_lr_0.05_d_3_child_2,477.03,480.61,461.33,488.53,465.61,474.62
train_n_100_lr_0.05_d_3_child_5,468.93,467.62,473.8,465.82,472.47,469.73
val_n_100_lr_0.05_d_3_child_5,476.51,480.83,461.9,488.75,465.64,474.73
train_n_100_lr_0.05_d_3_child_10,469.28,467.47,473.31,465.64,472.27,469.59
val_n_100_lr_0.05_d_3_child_10,476.87,480.37,461.59,488.57,465.64,474.61
train_n_100_lr_0.3_d_4_child_1,415.49,412.86,420.52,412.69,417.99,415.91
val_n_100_lr_0.3_d_4_child_1,464.71,474.66,447.59,478.7,459.89,465.11
train_n_100_lr_0.3_d_4_child_2,415.55,412.99,420.77,413.51,419.87,416.54
val_n_100_lr_0.3_d_4_child_2,464.87,474.64,447.09,479.86,460.98,465.49
train_n_100_lr_0.3_d_4_child_5,419.9,417.57,424.74,413.09,421.7,419.4
val_n_100_lr_0.3_d_4_child_5,467.13,474.59,448.81,481.51,457.13,465.83
train_n_100_lr_0.3_d_4_child_10,422.89,421.75,427.26,417.94,425.77,423.12
val_n_100_lr_0.3_d_4_child_10,465.28,473.27,449.37,479.32,455.35,464.52
train_n_100_lr_0.2_d_4_child_1,427.89,428.03,432.38,425.03,429.68,428.6
val_n_100_lr_0.2_d_4_child_1,466.72,471.65,448.14,477.62,457.42,464.31
train_n_100_lr_0.2_d_4_child_2,427.65,427.22,432.15,426.66,431.58,429.05
val_n_100_lr_0.2_d_4_child_2,464.27,471.22,446.59,478.89,456.67,463.53
train_n_100_lr_0.2_d_4_child_5,430.23,429.32,434.09,428.03,432.8,430.89
val_n_100_lr_0.2_d_4_child_5,464.01,470.77,445.94,476.91,456.92,462.91
train_n_100_lr_0.2_d_4_child_10,432.72,431.86,437.96,430.59,434.8,433.59
val_n_100_lr_0.2_d_4_child_10,463.55,469.53,446.5,479.37,455.3,462.85
train_n_100_lr_0.1_d_4_child_1,443.81,442.78,448.92,441.98,447.54,445.01
val_n_100_lr_0.1_d_4_child_1,466.64,471.72,447.71,478.68,456.57,464.26
train_n_100_lr_0.1_d_4_child_2,444.51,442.05,449.07,441.2,447.5,444.87
val_n_100_lr_0.1_d_4_child_2,465.66,471.38,448.24,478.45,456.76,464.1
train_n_100_lr_0.1_d_4_child_5,445.6,444.12,450.03,441.94,448.1,445.96
val_n_100_lr_0.1_d_4_child_5,466.05,471.86,447.17,479.21,456.02,464.06
train_n_100_lr_0.1_d_4_child_10,447.12,445.91,452.06,444.4,449.14,447.73
val_n_100_lr_0.1_d_4_child_10,465.02,471.25,448.13,479.83,455.43,463.93
train_n_100_lr_0.05_d_4_child_1,458.63,456.43,462.91,454.63,461.43,458.81
val_n_100_lr_0.05_d_4_child_1,470.68,476.22,455.61,483.02,460.43,469.19
train_n_100_lr_0.05_d_4_child_2,457.86,456.42,462.82,455.2,461.11,458.68
val_n_100_lr_0.05_d_4_child_2,470.13,476.15,455.46,484.04,460.86,469.33
train_n_100_lr_0.05_d_4_child_5,458.63,457.43,463.12,455.5,461.86,459.31
val_n_100_lr_0.05_d_4_child_5,470.52,476.14,454.59,484.63,460.8,469.34
train_n_100_lr_0.05_d_4_child_10,458.62,457.7,463.94,456.09,462.51,459.77
val_n_100_lr_0.05_d_4_child_10,469.89,475.68,455.55,484.38,460.29,469.16
train_n_100_lr_0.3_d_5_child_1,384.01,384.62,391.28,383.82,387.37,386.22
val_n_100_lr_0.3_d_5_child_1,471.99,480.57,457.02,483.21,461.48,470.85
train_n_100_lr_0.3_d_5_child_2,383.97,389.61,392.29,385.47,390.17,388.3
val_n_100_lr_0.3_d_5_child_2,468.33,480.15,453.61,484.03,460.92,469.41
train_n_100_lr_0.3_d_5_child_5,388.83,391.76,396.74,391.08,395.22,392.73
val_n_100_lr_0.3_d_5_child_5,468.47,480.64,452.85,481.92,462.2,469.22
train_n_100_lr_0.3_d_5_child_10,400.73,398.57,403.65,397.38,401.14,400.29
val_n_100_lr_0.3_d_5_child_10,471.2,475.33,454.37,485.13,461.68,469.54
train_n_100_lr_0.2_d_5_child_1,404.94,405.77,409.16,400.97,409.05,405.98
val_n_100_lr_0.2_d_5_child_1,466.58,472.0,448.2,479.33,456.53,464.53
train_n_100_lr_0.2_d_5_child_2,404.21,404.95,409.82,402.98,407.71,405.93
val_n_100_lr_0.2_d_5_child_2,464.85,474.45,451.56,477.27,460.27,465.68
train_n_100_lr_0.2_d_5_child_5,411.02,408.92,415.0,406.47,413.24,410.93
val_n_100_lr_0.2_d_5_child_5,463.86,473.74,447.65,478.79,454.27,463.66
train_n_100_lr_0.2_d_5_child_10,415.56,417.13,420.73,412.99,418.42,416.97
val_n_100_lr_0.2_d_5_child_10,463.64,471.54,448.59,477.24,455.63,463.33
train_n_100_lr_0.1_d_5_child_1,428.18,428.22,434.85,427.33,429.75,429.67
val_n_100_lr_0.1_d_5_child_1,463.67,471.6,445.63,478.03,456.03,462.99
train_n_100_lr_0.1_d_5_child_2,428.68,427.64,434.66,427.78,433.15,430.38
val_n_100_lr_0.1_d_5_child_2,462.95,471.66,445.72,478.51,455.73,462.91
train_n_100_lr_0.1_d_5_child_5,432.63,431.19,438.77,430.08,435.47,433.63
val_n_100_lr_0.1_d_5_child_5,463.08,469.88,447.07,476.12,455.28,462.29
train_n_100_lr_0.1_d_5_child_10,435.56,434.36,440.48,431.29,437.89,435.92
val_n_100_lr_0.1_d_5_child_10,463.93,470.22,446.51,477.45,454.71,462.56
train_n_100_lr_0.05_d_5_child_1,446.92,445.06,451.43,444.32,449.79,447.5
val_n_100_lr_0.05_d_5_child_1,466.93,472.75,451.48,482.11,457.61,466.18
train_n_100_lr_0.05_d_5_child_2,446.03,445.17,451.94,444.58,450.48,447.64
val_n_100_lr_0.05_d_5_child_2,466.57,472.95,451.07,480.58,457.9,465.81
train_n_100_lr_0.05_d_5_child_5,447.31,446.62,453.28,446.59,450.75,448.91
val_n_100_lr_0.05_d_5_child_5,465.3,472.54,451.31,481.95,456.49,465.52
train_n_100_lr_0.05_d_5_child_10,448.11,448.21,454.76,447.87,453.02,450.39
val_n_100_lr_0.05_d_5_child_10,465.96,472.56,451.36,481.32,456.73,465.59
train_n_100_lr_0.3_d_6_child_1,349.0,355.17,351.48,350.91,359.02,353.12
val_n_100_lr_0.3_d_6_child_1,478.13,487.62,460.62,491.69,464.48,476.51
train_n_100_lr_0.3_d_6_child_2,350.68,349.95,354.15,346.52,361.09,352.48
val_n_100_lr_0.3_d_6_child_2,476.98,485.43,464.42,488.54,469.13,476.9
train_n_100_lr_0.3_d_6_child_5,362.31,365.28,366.44,358.38,366.0,363.68
val_n_100_lr_0.3_d_6_child_5,476.55,484.46,462.08,491.32,469.21,476.72
train_n_100_lr_0.3_d_6_child_10,372.16,374.23,380.83,375.61,380.36,376.64
val_n_100_lr_0.3_d_6_child_10,477.03,482.26,457.84,487.55,463.96,473.73
train_n_100_lr_0.2_d_6_child_1,374.92,379.19,380.1,372.93,381.46,377.72
val_n_100_lr_0.2_d_6_child_1,468.7,477.09,453.2,481.56,463.32,468.77
train_n_100_lr_0.2_d_6_child_2,380.29,378.77,382.79,379.32,384.85,381.2
val_n_100_lr_0.2_d_6_child_2,469.46,476.15,450.67,481.39,461.25,467.78
train_n_100_lr_0.2_d_6_child_5,385.08,390.13,390.48,383.34,392.37,388.28
val_n_100_lr_0.2_d_6_child_5,467.7,473.15,452.86,481.01,459.65,466.87
train_n_100_lr_0.2_d_6_child_10,395.26,393.61,401.89,392.69,400.9,396.87
val_n_100_lr_0.2_d_6_child_10,466.82,472.74,450.06,481.13,458.01,465.75
train_n_100_lr_0.1_d_6_child_1,413.07,410.97,418.56,408.9,414.4,413.18
val_n_100_lr_0.1_d_6_child_1,465.15,471.83,449.05,479.24,457.73,464.6
train_n_100_lr_0.1_d_6_child_2,413.05,413.8,420.63,409.33,417.01,414.76
val_n_100_lr_0.1_d_6_child_2,465.98,471.71,448.89,481.05,456.14,464.75
train_n_100_lr_0.1_d_6_child_5,417.02,416.82,423.21,416.65,421.63,419.07
val_n_100_lr_0.1_d_6_child_5,462.63,471.61,447.07,479.34,456.29,463.39
train_n_100_lr_0.1_d_6_child_10,420.42,422.0,428.56,422.07,427.46,424.1
val_n_100_lr_0.1_d_6_child_10,464.09,468.52,447.08,477.94,454.42,462.41
train_n_100_lr_0.05_d_6_child_1,432.82,432.39,439.66,431.27,437.98,434.82
val_n_100_lr_0.05_d_6_child_1,466.09,471.81,448.91,479.64,456.44,464.58
train_n_100_lr_0.05_d_6_child_2,432.41,433.7,440.76,432.43,437.61,435.38
val_n_100_lr_0.05_d_6_child_2,465.56,471.94,449.81,480.28,457.1,464.94
train_n_100_lr_0.05_d_6_child_5,435.34,435.16,442.51,435.45,441.24,437.94
val_n_100_lr_0.05_d_6_child_5,465.32,471.11,449.24,479.84,456.29,464.36
train_n_100_lr_0.05_d_6_child_10,438.42,438.54,446.27,437.98,444.16,441.07
val_n_100_lr_0.05_d_6_child_10,464.94,470.24,449.06,479.52,455.41,463.83
train_n_200_lr_0.3_d_3_child_1,424.29,421.8,427.14,421.15,425.33,423.94
val_n_200_lr_0.3_d_3_child_1,466.49,473.88,449.37,482.08,457.44,465.85
train_n_200_lr_0.3_d_3_child_2,425.25,423.47,428.54,421.7,425.84,424.96
val_n_200_lr_0.3_d_3_child_2,465.09,473.57,449.95,482.33,457.5,465.69
train_n_200_lr_0.3_d_3_child_5,425.58,424.66,428.56,421.2,428.54,425.71
val_n_200_lr_0.3_d_3_child_5,467.05,473.74,449.17,478.38,456.93,465.05
train_n_200_lr_0.3_d_3_child_10,426.94,426.37,432.12,425.81,429.83,428.21
val_n_200_lr_0.3_d_3_child_10,466.79,474.49,449.14,478.63,456.22,465.05
train_n_200_lr_0.2_d_3_child_1,434.35,432.08,437.85,430.74,435.6,434.12
val_n_200_lr_0.2_d_3_child_1,465.61,471.95,447.41,477.02,456.7,463.74
train_n_200_lr_0.2_d_3_child_2,435.01,432.78,438.62,430.96,436.31,434.74
val_n_200_lr_0.2_d_3_child_2,463.16,470.73,446.8,477.51,456.16,462.87
train_n_200_lr_0.2_d_3_child_5,435.72,434.62,439.08,432.2,437.93,435.91
val_n_200_lr_0.2_d_3_child_5,464.53,472.0,446.73,477.46,456.34,463.41
train_n_200_lr_0.2_d_3_child_10,436.96,433.99,440.55,433.75,439.34,436.92
val_n_200_lr_0.2_d_3_child_10,463.77,470.3,448.19,477.68,454.35,462.86
train_n_200_lr_0.1_d_3_child_1,446.99,445.63,452.52,444.14,448.85,447.63
val_n_200_lr_0.1_d_3_child_1,466.88,471.6,449.15,476.85,455.77,464.05
train_n_200_lr_0.1_d_3_child_2,446.84,445.95,452.49,444.22,449.63,447.83
val_n_200_lr_0.1_d_3_child_2,465.53,471.29,449.28,477.3,455.89,463.86
train_n_200_lr_0.1_d_3_child_5,448.17,446.52,452.59,444.89,450.18,448.47
val_n_200_lr_0.1_d_3_child_5,465.84,471.63,447.97,476.84,455.14,463.48
train_n_200_lr_0.1_d_3_child_10,448.38,447.56,453.51,446.12,451.96,449.51
val_n_200_lr_0.1_d_3_child_10,465.8,469.29,448.73,477.79,455.92,463.51
train_n_200_lr_0.05_d_3_child_1,457.71,456.03,462.07,454.1,460.14,458.01
val_n_200_lr_0.05_d_3_child_1,470.02,474.79,452.02,481.3,458.84,467.39
train_n_200_lr_0.05_d_3_child_2,457.59,456.48,462.25,454.39,460.15,458.17
val_n_200_lr_0.05_d_3_child_2,469.48,474.49,452.25,481.64,458.44,467.26
train_n_200_lr_0.05_d_3_child_5,457.5,456.5,462.82,454.69,460.93,458.49
val_n_200_lr_0.05_d_3_child_5,468.73,474.65,452.28,481.51,458.49,467.13
train_n_200_lr_0.05_d_3_child_10,458.13,457.09,462.78,454.8,460.78,458.72
val_n_200_lr_0.05_d_3_child_10,469.78,474.16,452.45,482.03,458.14,467.31
train_n_200_lr_0.3_d_4_child_1,388.27,386.62,393.11,386.08,391.2,389.06
val_n_200_lr_0.3_d_4_child_1,470.47,479.66,452.88,485.77,466.45,471.05
train_n_200_lr_0.3_d_4_child_2,389.51,388.23,394.84,387.23,394.02,390.77
val_n_200_lr_0.3_d_4_child_2,471.22,479.1,453.23,482.09,465.33,470.19
train_n_200_lr_0.3_d_4_child_5,393.17,393.47,398.88,392.64,395.64,394.76
val_n_200_lr_0.3_d_4_child_5,474.81,480.81,455.11,486.09,465.06,472.38
train_n_200_lr_0.3_d_4_child_10,399.45,398.91,404.75,398.3,401.82,400.65
val_n_200_lr_0.3_d_4_child_10,472.74,477.86,455.09,483.88,461.99,470.31
train_n_200_lr_0.2_d_4_child_1,405.51,404.04,409.08,404.57,408.79,406.4
val_n_200_lr_0.2_d_4_child_1,467.61,473.78,451.54,480.09,461.03,466.81
train_n_200_lr_0.2_d_4_child_2,405.89,404.4,411.57,404.54,408.71,407.02
val_n_200_lr_0.2_d_4_child_2,467.3,475.1,450.42,481.16,458.81,466.56
train_n_200_lr_0.2_d_4_child_5,409.93,408.1,412.7,407.03,410.39,409.63
val_n_200_lr_0.2_d_4_child_5,467.13,473.55,447.28,479.86,459.78,465.52
train_n_200_lr_0.2_d_4_child_10,415.02,414.27,418.19,413.18,416.25,415.38
val_n_200_lr_0.2_d_4_child_10,466.03,473.84,449.92,480.6,456.73,465.42
train_n_200_lr_0.1_d_4_child_1,429.27,428.15,433.23,427.78,432.62,430.21
val_n_200_lr_0.1_d_4_child_1,465.74,470.96,446.25,476.76,456.88,463.32
train_n_200_lr_0.1_d_4_child_2,429.24,428.19,433.48,426.13,432.94,430.0
val_n_200_lr_0.1_d_4_child_2,463.62,469.83,446.14,477.05,456.91,462.71
train_n_200_lr_0.1_d_4_child_5,431.75,430.58,434.93,427.88,434.3,431.89
val_n_200_lr_0.1_d_4_child_5,464.45,470.67,445.2,477.23,455.6,462.63
train_n_200_lr_0.1_d_4_child_10,434.26,433.67,438.28,431.12,436.93,434.85
val_n_200_lr_0.1_d_4_child_10,463.84,469.4,446.78,478.04,454.54,462.52
train_n_200_lr_0.05_d_4_child_1,445.13,443.11,449.99,441.57,448.09,445.58
val_n_200_lr_0.05_d_4_child_1,465.3,471.83,447.93,477.78,456.04,463.78
train_n_200_lr_0.05_d_4_child_2,444.8,442.95,449.83,442.18,447.26,445.4
val_n_200_lr_0.05_d_4_child_2,464.8,471.65,447.4,478.23,456.49,463.71
train_n_200_lr_0.05_d_4_child_5,445.87,445.14,451.16,443.11,448.72,446.8
val_n_200_lr_0.05_d_4_child_5,464.64,471.71,446.95,479.11,456.33,463.75
train_n_200_lr_0.05_d_4_child_10,446.71,445.71,451.8,443.98,449.97,447.63
val_n_200_lr_0.05_d_4_child_10,464.55,470.26,448.39,479.21,454.86,463.45
train_n_200_lr_0.3_d_5_child_1,347.32,344.79,351.64,344.55,349.26,347.51
val_n_200_lr_0.3_d_5_child_1,478.18,490.72,468.02,493.39,469.07,479.88
train_n_200_lr_0.3_d_5_child_2,348.81,350.05,352.58,346.76,352.33,350.11
val_n_200_lr_0.3_d_5_child_2,477.46,488.27,463.83,493.21,472.7,479.09
train_n_200_lr_0.3_d_5_child_5,352.71,357.87,360.01,355.91,361.98,357.7
val_n_200_lr_0.3_d_5_child_5,477.77,492.17,463.58,491.05,470.92,479.1
train_n_200_lr_0.3_d_5_child_10,369.53,368.11,372.31,369.13,373.87,370.59
val_n_200_lr_0.3_d_5_child_10,478.58,484.16,462.8,491.74,467.35,476.93
train_n_200_lr_0.2_d_5_child_1,371.9,371.78,375.26,369.63,374.46,372.61
val_n_200_lr_0.2_d_5_child_1,472.99,480.31,454.07,485.69,465.15,471.64
train_n_200_lr_0.2_d_5_child_2,372.4,370.65,377.75,370.28,375.7,373.36
val_n_200_lr_0.2_d_5_child_2,471.2,481.07,458.74,482.22,466.06,471.86
train_n_200_lr_0.2_d_5_child_5,378.91,381.42,382.37,377.94,383.48,380.82
val_n_200_lr_0.2_d_5_child_5,470.13,478.31,453.76,484.31,461.96,469.69
train_n_200_lr_0.2_d_5_child_10,390.72,389.14,392.88,386.94,394.0,390.74
val_n_200_lr_0.2_d_5_child_10,470.75,477.77,455.69,482.97,460.74,469.58
train_n_200_lr_0.1_d_5_child_1,405.77,405.78,410.41,405.02,408.41,407.08
val_n_200_lr_0.1_d_5_child_1,463.84,472.24,446.87,478.32,456.42,463.54
train_n_200_lr_0.1_d_5_child_2,406.59,406.77,411.79,404.68,409.88,407.94
val_n_200_lr_0.1_d_5_child_2,462.76,472.95,447.47,479.3,458.6,464.22
train_n_200_lr_0.1_d_5_child_5,412.2,410.26,414.96,408.33,413.92,411.93
val_n_200_lr_0.1_d_5_child_5,462.89,470.77,447.72,476.05,456.3,462.75
train_n_200_lr_0.1_d_5_child_10,417.45,416.96,421.16,413.77,420.38,417.94
val_n_200_lr_0.1_d_5_child_10,463.97,469.96,446.19,477.87,455.1,462.62
train_n_200_lr_0.05_d_5_child_1,430.08,428.54,435.62,427.34,432.6,430.84
val_n_200_lr_0.05_d_5_child_1,464.47,470.5,447.03,478.06,456.18,463.25
train_n_200_lr_0.05_d_5_child_2,430.41,429.07,436.58,428.79,433.43,431.66
val_n_200_lr_0.05_d_5_child_2,463.9,470.77,446.05,477.38,456.63,462.95
train_n_200_lr_0.05_d_5_child_5,432.41,431.08,438.1,431.27,436.22,433.82
val_n_200_lr_0.05_d_5_child_5,463.47,469.98,446.12,478.07,454.54,462.44
train_n_200_lr_0.05_d_5_child_10,434.84,434.46,441.34,433.75,439.01,436.68
val_n_200_lr_0.05_d_5_child_10,463.55,468.94,446.19,477.54,453.67,461.98
train_n_200_lr_0.3_d_6_child_1,293.59,300.64,300.66,294.26,307.1,299.25
val_n_200_lr_0.3_d_6_child_1,490.49,499.5,470.23,503.15,476.18,487.91
train_n_200_lr_0.3_d_6_child_2,298.35,301.0,302.35,297.32,305.56,300.92
val_n_200_lr_0.3_d_6_child_2,489.0,497.9,477.6,498.98,480.45,488.79
train_n_200_lr_0.3_d_6_child_5,315.91,320.71,321.07,310.49,320.63,317.76
val_n_200_lr_0.3_d_6_child_5,493.85,491.51,474.6,502.44,481.25,488.73
train_n_200_lr_0.3_d_6_child_10,334.4,339.68,342.59,338.67,338.48,338.76
val_n_200_lr_0.3_d_6_child_10,487.33,491.51,469.79,497.22,473.67,483.9
train_n_200_lr_0.2_d_6_child_1,332.48,334.2,336.2,330.42,332.9,333.24
val_n_200_lr_0.2_d_6_child_1,478.63,485.61,463.61,491.34,471.58,478.15
train_n_200_lr_0.2_d_6_child_2,337.22,334.63,338.22,333.74,338.85,336.53
val_n_200_lr_0.2_d_6_child_2,479.49,483.39,460.5,490.98,468.02,476.48
train_n_200_lr_0.2_d_6_child_5,344.46,349.7,351.93,343.04,350.64,347.95
val_n_200_lr_0.2_d_6_child_5,476.57,480.75,460.65,489.28,470.3,475.51
train_n_200_lr_0.2_d_6_child_10,361.93,359.49,367.26,359.54,367.54,363.15
val_n_200_lr_0.2_d_6_child_10,473.59,479.79,458.74,487.25,465.77,473.03
train_n_200_lr_0.1_d_6_child_1,381.06,380.27,381.25,379.04,382.38,380.8
val_n_200_lr_0.1_d_6_child_1,468.21,474.94,451.3,479.89,461.75,467.22
train_n_200_lr_0.1_d_6_child_2,383.14,382.66,384.48,379.79,384.45,382.9
val_n_200_lr_0.1_d_6_child_2,466.02,474.91,452.09,482.17,459.02,466.84
train_n_200_lr_0.1_d_6_child_5,389.11,388.52,395.38,388.85,393.91,391.15
val_n_200_lr_0.1_d_6_child_5,465.63,475.63,448.58,479.53,457.16,465.31
train_n_200_lr_0.1_d_6_child_10,394.2,398.05,402.3,396.66,402.64,398.77
val_n_200_lr_0.1_d_6_child_10,467.53,471.67,448.98,479.9,456.95,465.01
train_n_200_lr_0.05_d_6_child_1,413.08,412.13,418.7,409.68,415.22,413.76
val_n_200_lr_0.05_d_6_child_1,464.76,471.7,446.4,478.56,457.07,463.7
train_n_200_lr_0.05_d_6_child_2,413.62,412.72,419.63,411.71,418.49,415.23
val_n_200_lr_0.05_d_6_child_2,463.73,472.22,447.02,479.29,456.5,463.75
train_n_200_lr_0.05_d_6_child_5,417.89,417.12,424.39,417.24,420.99,419.53
val_n_200_lr_0.05_d_6_child_5,463.69,470.14,448.36,478.02,455.6,463.16
train_n_200_lr_0.05_d_6_child_10,422.13,422.78,430.85,420.1,427.0,424.57
val_n_200_lr_0.05_d_6_child_10,463.37,468.67,447.05,477.32,453.93,462.07
train_n_500_lr_0.3_d_3_child_1,397.3,395.18,400.32,393.88,399.68,397.27
val_n_500_lr_0.3_d_3_child_1,473.79,481.86,456.32,488.98,463.94,472.98
train_n_500_lr_0.3_d_3_child_2,397.38,396.64,400.6,394.64,399.56,397.76
val_n_500_lr_0.3_d_3_child_2,471.36,482.22,459.02,489.19,465.63,473.48
train_n_500_lr_0.3_d_3_child_5,399.89,399.94,402.38,397.25,403.74,400.64
val_n_500_lr_0.3_d_3_child_5,474.52,480.87,456.1,487.41,465.15,472.81
train_n_500_lr_0.3_d_3_child_10,402.8,404.17,407.48,403.61,406.53,404.92
val_n_500_lr_0.3_d_3_child_10,473.34,482.16,457.15,485.25,461.71,471.92
train_n_500_lr_0.2_d_3_child_1,410.27,409.31,414.37,407.28,412.68,410.78
val_n_500_lr_0.2_d_3_child_1,470.01,477.36,452.17,480.05,461.06,468.13
train_n_500_lr_0.2_d_3_child_2,411.23,409.67,414.3,408.0,413.88,411.42
val_n_500_lr_0.2_d_3_child_2,467.92,477.01,450.03,480.76,461.03,467.35
train_n_500_lr_0.2_d_3_child_5,412.61,413.18,416.48,410.16,414.17,413.32
val_n_500_lr_0.2_d_3_child_5,468.45,476.23,450.6,481.05,460.25,467.32
train_n_500_lr_0.2_d_3_child_10,416.41,415.62,420.28,413.73,418.37,416.88
val_n_500_lr_0.2_d_3_child_10,469.31,475.08,451.6,482.41,457.87,467.25
train_n_500_lr_0.1_d_3_child_1,430.06,428.31,436.26,427.53,432.86,431.0
val_n_500_lr_0.1_d_3_child_1,464.9,472.45,448.67,477.18,456.33,463.91
train_n_500_lr_0.1_d_3_child_2,430.86,428.54,436.48,427.03,433.01,431.18
val_n_500_lr_0.1_d_3_child_2,462.16,472.36,448.97,477.44,456.47,463.48
train_n_500_lr_0.1_d_3_child_5,432.01,429.72,435.94,429.3,434.14,432.22
val_n_500_lr_0.1_d_3_child_5,464.11,473.0,446.96,475.99,455.89,463.19
train_n_500_lr_0.1_d_3_child_10,433.39,432.45,438.01,431.23,435.82,434.18
val_n_500_lr_0.1_d_3_child_10,463.32,470.25,448.5,477.2,454.66,462.79
train_n_500_lr_0.05_d_3_child_1,444.67,443.3,448.85,441.66,447.04,445.1
val_n_500_lr_0.05_d_3_child_1,468.46,470.89,447.83,477.55,455.29,464.0
train_n_500_lr_0.05_d_3_child_2,444.82,443.86,449.11,441.38,446.86,445.21
val_n_500_lr_0.05_d_3_child_2,466.5,470.66,447.88,476.62,455.42,463.42
train_n_500_lr_0.05_d_3_child_5,445.06,444.04,449.98,442.5,447.83,445.88
val_n_500_lr_0.05_d_3_child_5,466.24,470.8,447.68,476.82,455.29,463.37
train_n_500_lr_0.05_d_3_child_10,446.29,445.46,450.7,443.59,448.5,446.91
val_n_500_lr_0.05_d_3_child_10,466.42,469.33,448.48,477.55,454.85,463.33
train_n_500_lr_0.3_d_4_child_1,343.04,341.54,346.9,341.4,347.4,344.06
val_n_500_lr_0.3_d_4_child_1,482.52,490.6,466.62,498.48,478.12,483.27
train_n_500_lr_0.3_d_4_child_2,344.86,344.78,347.7,342.3,350.59,346.05
val_n_500_lr_0.3_d_4_child_2,482.78,488.3,469.41,497.19,479.17,483.37
train_n_500_lr_0.3_d_4_child_5,349.84,351.56,353.01,349.58,354.64,351.73
val_n_500_lr_0.3_d_4_child_5,489.41,493.34,469.49,498.07,477.97,485.66
train_n_500_lr_0.3_d_4_child_10,362.28,362.55,366.03,362.15,365.67,363.74
val_n_500_lr_0.3_d_4_child_10,485.41,487.55,467.51,492.69,472.41,481.11
train_n_500_lr_0.2_d_4_child_1,365.15,365.86,369.48,363.74,370.35,366.92
val_n_500_lr_0.2_d_4_child_1,476.6,482.21,461.14,488.4,468.17,475.3
train_n_500_lr_0.2_d_4_child_2,367.28,365.15,371.1,364.81,369.2,367.51
val_n_500_lr_0.2_d_4_child_2,474.87,482.71,460.71,491.02,468.0,475.46
train_n_500_lr_0.2_d_4_child_5,372.7,371.87,376.6,370.84,375.65,373.53
val_n_500_lr_0.2_d_4_child_5,478.26,483.91,457.9,486.99,469.86,475.38
train_n_500_lr_0.2_d_4_child_10,381.98,382.55,386.57,383.97,383.89,383.79
val_n_500_lr_0.2_d_4_child_10,477.16,481.61,458.11,488.2,466.63,474.34
train_n_500_lr_0.1_d_4_child_1,398.5,398.53,404.64,396.95,401.87,400.1
val_n_500_lr_0.1_d_4_child_1,468.75,474.57,448.9,480.4,460.36,466.6
train_n_500_lr_0.1_d_4_child_2,399.23,398.86,403.64,396.96,403.63,400.46
val_n_500_lr_0.1_d_4_child_2,467.09,475.23,449.5,481.18,460.92,466.78
train_n_500_lr_0.1_d_4_child_5,402.65,401.69,407.48,401.83,407.13,404.16
val_n_500_lr_0.1_d_4_child_5,467.37,474.62,449.22,479.85,457.37,465.69
train_n_500_lr_0.1_d_4_child_10,409.32,407.68,411.67,406.74,413.73,409.83
val_n_500_lr_0.1_d_4_child_10,466.7,473.69,449.94,482.64,457.41,466.08
train_n_500_lr_0.05_d_4_child_1,423.14,424.55,428.56,421.51,427.79,425.11
val_n_500_lr_0.05_d_4_child_1,464.42,470.92,446.48,476.25,455.95,462.8
train_n_500_lr_0.05_d_4_child_2,424.43,423.73,429.85,421.78,428.45,425.65
val_n_500_lr_0.05_d_4_child_2,463.63,470.6,446.01,476.83,456.21,462.66
train_n_500_lr_0.05_d_4_child_5,426.94,427.43,431.41,424.28,428.71,427.75
val_n_500_lr_0.05_d_4_child_5,463.38,469.78,446.01,477.5,455.19,462.37
train_n_500_lr_0.05_d_4_child_10,429.5,429.3,434.55,426.9,432.35,430.52
val_n_500_lr_0.05_d_4_child_10,463.07,468.39,446.92,477.1,453.62,461.82
train_n_500_lr_0.3_d_5_child_1,280.28,280.75,282.75,281.23,283.48,281.7
val_n_500_lr_0.3_d_5_child_1,498.27,505.41,486.2,510.5,488.99,497.87
train_n_500_lr_0.3_d_5_child_2,282.2,281.24,284.16,280.13,287.12,282.97
val_n_500_lr_0.3_d_5_child_2,496.17,505.73,484.66,513.33,489.59,497.9
train_n_500_lr_0.3_d_5_child_5,293.66,297.1,298.35,294.62,302.16,297.18
val_n_500_lr_0.3_d_5_child_5,497.37,506.34,480.76,509.89,491.14,497.1
train_n_500_lr_0.3_d_5_child_10,316.9,315.88,317.25,316.58,323.57,318.04
val_n_500_lr_0.3_d_5_child_10,493.22,498.22,481.01,506.46,483.11,492.4
train_n_500_lr_0.2_d_5_child_1,312.93,315.97,316.3,313.34,318.37,315.38
val_n_500_lr_0.2_d_5_child_1,489.21,490.06,469.47,500.35,478.08,485.43
train_n_500_lr_0.2_d_5_child_2,315.41,315.36,320.09,313.87,320.8,317.11
val_n_500_lr_0.2_d_5_child_2,487.26,493.09,474.37,498.71,479.04,486.49
train_n_500_lr_0.2_d_5_child_5,326.73,328.63,330.34,325.26,332.09,328.61
val_n_500_lr_0.2_d_5_child_5,486.18,491.88,469.91,494.43,476.42,483.76
train_n_500_lr_0.2_d_5_child_10,344.61,346.8,345.22,343.49,347.36,345.5
val_n_500_lr_0.2_d_5_child_10,483.3,489.18,468.13,495.54,473.35,481.9
train_n_500_lr_0.1_d_5_child_1,362.13,360.53,364.88,361.4,364.89,362.77
val_n_500_lr_0.1_d_5_child_1,472.14,480.75,456.27,487.97,465.49,472.52
train_n_500_lr_0.1_d_5_child_2,361.92,363.89,367.45,363.08,368.9,365.05
val_n_500_lr_0.1_d_5_child_2,472.18,482.42,457.45,485.62,467.24,472.98
train_n_500_lr_0.1_d_5_child_5,371.66,374.06,373.6,368.21,376.46,372.8
val_n_500_lr_0.1_d_5_child_5,471.98,479.52,455.83,482.1,465.22,470.93
train_n_500_lr_0.1_d_5_child_10,382.0,382.32,385.08,380.46,384.69,382.91
val_n_500_lr_0.1_d_5_child_10,470.75,478.27,451.56,483.87,461.95,469.28
train_n_500_lr_0.05_d_5_child_1,400.77,398.77,402.77,396.04,402.13,400.1
val_n_500_lr_0.05_d_5_child_1,465.21,472.26,448.55,478.18,459.71,464.78
train_n_500_lr_0.05_d_5_child_2,400.64,399.13,403.51,397.53,401.89,400.54
val_n_500_lr_0.05_d_5_child_2,463.99,472.86,448.22,478.68,460.14,464.78
train_n_500_lr_0.05_d_5_child_5,404.42,403.97,408.09,401.74,409.59,405.56
val_n_500_lr_0.05_d_5_child_5,464.84,470.86,446.57,478.53,455.22,463.2
train_n_500_lr_0.05_d_5_child_10,410.71,409.77,414.73,407.0,413.67,411.18
val_n_500_lr_0.05_d_5_child_10,464.93,469.5,447.3,478.26,454.62,462.92
train_n_500_lr_0.3_d_6_child_1,212.27,213.21,213.45,216.3,221.96,215.44
val_n_500_lr_0.3_d_6_child_1,511.66,517.24,497.16,526.17,497.49,509.94
train_n_500_lr_0.3_d_6_child_2,217.92,217.69,216.15,217.56,222.01,218.27
val_n_500_lr_0.3_d_6_child_2,510.23,520.87,502.63,520.93,501.86,511.3
train_n_500_lr_0.3_d_6_child_5,238.46,242.02,241.27,237.75,244.21,240.74
val_n_500_lr_0.3_d_6_child_5,514.22,513.86,500.29,521.46,502.94,510.55
train_n_500_lr_0.3_d_6_child_10,270.53,268.08,275.44,268.95,272.48,271.1
val_n_500_lr_0.3_d_6_child_10,506.54,511.72,491.59,519.32,494.62,504.76
train_n_500_lr_0.2_d_6_child_1,256.8,256.46,260.84,256.6,259.76,258.09
val_n_500_lr_0.2_d_6_child_1,497.33,501.53,482.38,510.74,485.9,495.58
train_n_500_lr_0.2_d_6_child_2,262.62,259.84,260.07,258.87,264.31,261.14
val_n_500_lr_0.2_d_6_child_2,501.07,501.41,483.43,508.76,485.03,495.94
train_n_500_lr_0.2_d_6_child_5,275.8,283.06,279.19,278.64,285.11,280.36
val_n_500_lr_0.2_d_6_child_5,495.67,498.27,479.65,506.25,487.74,493.52
train_n_500_lr_0.2_d_6_child_10,302.44,306.0,309.3,304.05,308.42,306.04
val_n_500_lr_0.2_d_6_child_10,491.72,493.62,477.7,503.41,483.67,490.02
train_n_500_lr_0.1_d_6_child_1,319.31,321.0,319.61,317.67,325.01,320.52
val_n_500_lr_0.1_d_6_child_1,481.49,485.77,462.46,490.29,470.01,478.0
train_n_500_lr_0.1_d_6_child_2,320.36,325.81,325.82,324.48,328.52,325.0
val_n_500_lr_0.1_d_6_child_2,479.14,487.25,462.69,492.4,468.81,478.06
train_n_500_lr_0.1_d_6_child_5,332.28,338.11,337.91,331.48,342.09,336.37
val_n_500_lr_0.1_d_6_child_5,478.22,485.84,460.72,492.19,468.12,477.02
train_n_500_lr_0.1_d_6_child_10,351.08,358.05,355.29,351.08,359.01,354.9
val_n_500_lr_0.1_d_6_child_10,478.18,481.82,459.4,488.72,466.48,474.92
train_n_500_lr_0.05_d_6_child_1,366.61,368.31,373.65,367.48,370.61,369.33
val_n_500_lr_0.05_d_6_child_1,470.65,477.27,451.53,481.06,463.03,468.71
train_n_500_lr_0.05_d_6_child_2,371.27,373.25,375.97,370.24,374.65,373.08
val_n_500_lr_0.05_d_6_child_2,468.92,477.41,452.18,481.31,463.39,468.64
train_n_500_lr_0.05_d_6_child_5,378.64,379.43,381.96,376.62,382.87,379.9
val_n_500_lr_0.05_d_6_child_5,467.95,474.72,453.04,481.45,459.83,467.4
train_n_500_lr_0.05_d_6_child_10,389.97,390.17,393.83,385.23,395.61,390.96
val_n_500_lr_0.05_d_6_child_10,468.41,473.14,450.08,480.46,456.92,465.8
train_n_1000_lr_0.3_d_3_child_1,371.31,369.63,374.45,368.32,374.49,371.64
val_n_1000_lr_0.3_d_3_child_1,482.76,490.74,468.09,498.48,474.22,482.86
train_n_1000_lr_0.3_d_3_child_2,371.7,370.93,374.12,369.4,375.84,372.4
val_n_1000_lr_0.3_d_3_child_2,480.96,491.15,469.36,497.59,476.33,483.08
train_n_1000_lr_0.3_d_3_child_5,375.08,375.43,377.99,373.27,379.91,376.34
val_n_1000_lr_0.3_d_3_child_5,483.02,488.19,467.92,494.39,474.93,481.69
train_n_1000_lr_0.3_d_3_child_10,381.77,383.07,386.03,382.7,384.92,383.7
val_n_1000_lr_0.3_d_3_child_10,481.52,488.07,465.06,491.83,471.26,479.55
train_n_1000_lr_0.2_d_3_child_1,387.77,386.92,390.95,386.02,390.56,388.44
val_n_1000_lr_0.2_d_3_child_1,475.09,483.93,459.16,486.79,468.15,474.62
train_n_1000_lr_0.2_d_3_child_2,389.28,387.83,392.25,385.85,392.08,389.46
val_n_1000_lr_0.2_d_3_child_2,475.25,483.39,458.67,487.06,466.91,474.26
train_n_1000_lr_0.2_d_3_child_5,390.88,391.75,394.27,389.05,394.71,392.13
val_n_1000_lr_0.2_d_3_child_5,475.57,483.26,459.54,486.46,466.52,474.27
train_n_1000_lr_0.2_d_3_child_10,396.71,398.25,400.35,395.48,400.49,398.26
val_n_1000_lr_0.2_d_3_child_10,474.98,480.32,459.22,488.2,464.41,473.43
train_n_1000_lr_0.1_d_3_child_1,411.93,410.03,417.73,410.63,414.51,412.97
val_n_1000_lr_0.1_d_3_child_1,468.83,476.86,450.94,481.44,458.84,467.38
train_n_1000_lr_0.1_d_3_child_2,412.98,410.97,417.89,409.64,415.47,413.39
val_n_1000_lr_0.1_d_3_child_2,466.06,476.43,451.6,480.56,459.39,466.81
train_n_1000_lr_0.1_d_3_child_5,414.83,414.07,418.91,412.21,418.33,415.67
val_n_1000_lr_0.1_d_3_child_5,468.4,476.51,450.78,480.16,458.81,466.93
train_n_1000_lr_0.1_d_3_child_10,417.24,417.6,421.65,415.5,420.9,418.58
val_n_1000_lr_0.1_d_3_child_10,467.36,474.59,451.12,480.58,457.65,466.26
train_n_1000_lr_0.05_d_3_child_1,431.3,428.61,436.07,428.38,433.77,431.63
val_n_1000_lr_0.05_d_3_child_1,466.5,470.79,448.8,478.46,455.71,464.05
train_n_1000_lr_0.05_d_3_child_2,432.11,429.97,436.12,428.43,433.92,432.11
val_n_1000_lr_0.05_d_3_child_2,463.44,471.3,447.68,477.28,456.16,463.17
train_n_1000_lr_0.05_d_3_child_5,432.99,431.15,437.38,429.72,434.91,433.23
val_n_1000_lr_0.05_d_3_child_5,464.32,471.31,447.2,477.01,454.79,462.93
train_n_1000_lr_0.05_d_3_child_10,433.98,432.32,438.69,431.61,436.12,434.54
val_n_1000_lr_0.05_d_3_child_10,463.48,469.46,447.99,477.43,454.16,462.5
train_n_1000_lr_0.3_d_4_child_1,299.62,295.4,299.67,296.99,303.85,299.11
val_n_1000_lr_0.3_d_4_child_1,500.34,506.01,483.05,514.96,493.87,499.65
train_n_1000_lr_0.3_d_4_child_2,301.66,300.3,302.45,298.57,307.36,302.07
val_n_1000_lr_0.3_d_4_child_2,497.3,503.01,485.72,511.34,495.69,498.61
train_n_1000_lr_0.3_d_4_child_5,308.37,309.7,309.88,307.23,313.4,309.72
val_n_1000_lr_0.3_d_4_child_5,503.15,505.37,484.82,513.86,492.32,499.9
train_n_1000_lr_0.3_d_4_child_10,324.44,326.95,328.73,326.22,330.28,327.32
val_n_1000_lr_0.3_d_4_child_10,498.53,498.12,482.87,505.43,485.38,494.07
train_n_1000_lr_0.2_d_4_child_1,328.66,327.72,329.12,325.58,332.52,328.72
val_n_1000_lr_0.2_d_4_child_1,486.79,493.74,471.8,502.63,479.06,486.8
train_n_1000_lr_0.2_d_4_child_2,329.88,326.77,332.21,326.64,331.69,329.44
val_n_1000_lr_0.2_d_4_child_2,486.79,491.86,474.56,501.85,477.63,486.54
train_n_1000_lr_0.2_d_4_child_5,336.2,336.5,338.78,333.8,342.83,337.62
val_n_1000_lr_0.2_d_4_child_5,489.09,494.78,470.24,499.91,482.4,487.28
train_n_1000_lr_0.2_d_4_child_10,351.05,353.23,353.09,351.32,353.44,352.43
val_n_1000_lr_0.2_d_4_child_10,487.38,489.93,469.37,497.81,477.27,484.35
train_n_1000_lr_0.1_d_4_child_1,367.86,368.79,372.29,366.45,373.02,369.68
val_n_1000_lr_0.1_d_4_child_1,474.46,480.65,458.77,489.18,467.57,474.13
train_n_1000_lr_0.1_d_4_child_2,369.45,368.03,371.74,368.09,375.66,370.59
val_n_1000_lr_0.1_d_4_child_2,473.86,481.85,459.06,489.44,469.2,474.68
train_n_1000_lr_0.1_d_4_child_5,376.01,374.66,378.57,374.48,380.36,376.82
val_n_1000_lr_0.1_d_4_child_5,474.46,481.62,456.99,486.79,465.44,473.06
train_n_1000_lr_0.1_d_4_child_10,383.57,385.55,385.79,384.06,389.58,385.71
val_n_1000_lr_0.1_d_4_child_10,474.12,478.25,456.83,487.25,464.47,472.18
train_n_1000_lr_0.05_d_4_child_1,399.4,399.52,404.65,399.37,405.0,401.59
val_n_1000_lr_0.05_d_4_child_1,468.65,475.76,450.76,480.01,459.05,466.85
train_n_1000_lr_0.05_d_4_child_2,400.77,399.8,405.16,398.74,404.62,401.82
val_n_1000_lr_0.05_d_4_child_2,467.12,476.07,450.15,479.97,461.56,466.97
train_n_1000_lr_0.05_d_4_child_5,404.51,404.58,407.65,404.08,406.75,405.51
val_n_1000_lr_0.05_d_4_child_5,467.52,474.62,448.46,480.08,458.12,465.76
train_n_1000_lr_0.05_d_4_child_10,410.35,408.89,414.48,407.94,414.22,411.18
val_n_1000_lr_0.05_d_4_child_10,467.07,472.88,449.93,479.57,456.23,465.14
train_n_1000_lr_0.3_d_5_child_1,222.83,218.07,222.44,221.18,223.27,221.56
val_n_1000_lr_0.3_d_5_child_1,515.51,525.71,506.88,530.41,508.35,517.37
train_n_1000_lr_0.3_d_5_child_2,223.83,220.96,223.4,223.24,227.8,223.85
val_n_1000_lr_0.3_d_5_child_2,514.47,525.41,504.16,531.97,508.33,516.87
train_n_1000_lr_0.3_d_5_child_5,239.1,241.33,242.59,239.99,246.25,241.85
val_n_1000_lr_0.3_d_5_child_5,513.87,526.03,500.93,529.09,510.37,516.06
train_n_1000_lr_0.3_d_5_child_10,268.79,265.94,268.02,264.64,272.96,268.07
val_n_1000_lr_0.3_d_5_child_10,509.13,515.66,498.32,523.65,502.86,509.92
train_n_1000_lr_0.2_d_5_child_1,260.02,261.71,260.75,257.29,263.51,260.66
val_n_1000_lr_0.2_d_5_child_1,502.73,506.65,485.42,518.38,491.98,501.03
train_n_1000_lr_0.2_d_5_child_2,264.34,260.4,262.43,261.4,265.74,262.86
val_n_1000_lr_0.2_d_5_child_2,501.14,507.39,491.68,515.93,495.78,502.38
train_n_1000_lr_0.2_d_5_child_5,275.49,276.8,279.13,273.8,281.11,277.27
val_n_1000_lr_0.2_d_5_child_5,500.68,507.48,486.05,511.24,493.09,499.71
train_n_1000_lr_0.2_d_5_child_10,299.84,301.86,301.58,298.72,303.6,301.12
val_n_1000_lr_0.2_d_5_child_10,497.46,502.07,481.5,511.28,489.11,496.28
train_n_1000_lr_0.1_d_5_child_1,320.29,317.23,322.42,319.04,323.18,320.43
val_n_1000_lr_0.1_d_5_child_1,482.98,491.5,467.16,497.48,475.24,482.87
train_n_1000_lr_0.1_d_5_child_2,320.06,318.53,321.5,320.97,324.58,321.13
val_n_1000_lr_0.1_d_5_child_2,483.34,492.96,467.84,497.81,476.94,483.78
train_n_1000_lr_0.1_d_5_child_5,332.15,332.6,333.66,329.58,336.78,332.95
val_n_1000_lr_0.1_d_5_child_5,483.02,489.89,466.93,494.28,476.31,482.09
train_n_1000_lr_0.1_d_5_child_10,346.23,353.34,352.89,350.41,351.18,350.81
val_n_1000_lr_0.1_d_5_child_10,482.19,484.98,462.7,492.24,471.34,478.69
train_n_1000_lr_0.05_d_5_child_1,365.86,365.05,367.62,363.28,368.59,366.08
val_n_1000_lr_0.05_d_5_child_1,472.57,479.49,454.72,483.7,463.48,470.79
train_n_1000_lr_0.05_d_5_child_2,364.23,363.78,371.01,366.32,368.91,366.85
val_n_1000_lr_0.05_d_5_child_2,471.13,481.46,454.27,484.76,466.04,471.53
train_n_1000_lr_0.05_d_5_child_5,370.74,372.72,377.19,371.86,378.19,374.14
val_n_1000_lr_0.05_d_5_child_5,472.55,477.58,453.6,483.17,462.73,469.93
train_n_1000_lr_0.05_d_5_child_10,382.29,385.59,384.63,381.41,387.53,384.29
val_n_1000_lr_0.05_d_5_child_10,472.24,475.89,452.38,483.34,459.94,468.76
train_n_1000_lr_0.3_d_6_child_1,147.44,146.62,150.18,151.52,152.84,149.72
val_n_1000_lr_0.3_d_6_child_1,530.88,534.49,520.66,545.9,517.39,529.86
train_n_1000_lr_0.3_d_6_child_2,154.16,153.07,154.39,154.78,159.28,155.14
val_n_1000_lr_0.3_d_6_child_2,528.41,540.38,523.22,541.98,521.06,531.01
train_n_1000_lr_0.3_d_6_child_5,178.31,180.26,180.22,179.02,179.88,179.54
val_n_1000_lr_0.3_d_6_child_5,534.84,532.61,520.0,541.47,526.54,531.09
train_n_1000_lr_0.3_d_6_child_10,213.61,213.14,216.07,214.85,215.72,214.68
val_n_1000_lr_0.3_d_6_child_10,526.86,529.78,511.54,538.38,514.25,524.16
train_n_1000_lr_0.2_d_6_child_1,189.92,189.86,190.71,192.31,195.0,191.56
val_n_1000_lr_0.2_d_6_child_1,516.96,518.67,501.21,529.44,505.9,514.44
train_n_1000_lr_0.2_d_6_child_2,196.5,193.0,195.23,195.62,197.68,195.61
val_n_1000_lr_0.2_d_6_child_2,518.32,519.67,502.02,527.85,504.35,514.44
train_n_1000_lr_0.2_d_6_child_5,217.03,220.31,216.84,217.33,221.81,218.66
val_n_1000_lr_0.2_d_6_child_5,513.7,515.55,500.02,523.92,504.43,511.52
train_n_1000_lr_0.2_d_6_child_10,250.75,252.55,255.05,252.03,256.17,253.31
val_n_1000_lr_0.2_d_6_child_10,506.63,510.98,495.72,521.18,500.98,507.1
train_n_1000_lr_0.1_d_6_child_1,264.17,261.43,263.89,261.75,267.45,263.74
val_n_1000_lr_0.1_d_6_child_1,494.57,497.71,475.7,505.14,484.43,491.51
train_n_1000_lr_0.1_d_6_child_2,265.29,267.16,267.46,266.82,272.2,267.79
val_n_1000_lr_0.1_d_6_child_2,491.78,498.91,477.18,506.5,479.5,490.77
train_n_1000_lr_0.1_d_6_child_5,283.37,290.08,285.45,281.32,289.5,285.94
val_n_1000_lr_0.1_d_6_child_5,492.32,496.58,475.25,506.08,481.98,490.44
train_n_1000_lr_0.1_d_6_child_10,311.69,315.34,310.29,311.35,315.07,312.75
val_n_1000_lr_0.1_d_6_child_10,489.69,493.13,472.54,499.36,480.21,486.99
train_n_1000_lr_0.05_d_6_child_1,321.83,324.02,329.03,323.81,328.96,325.53
val_n_1000_lr_0.05_d_6_child_1,480.27,486.86,461.67,489.55,469.95,477.66
train_n_1000_lr_0.05_d_6_child_2,325.83,327.04,327.8,324.17,333.38,327.64
val_n_1000_lr_0.05_d_6_child_2,478.42,488.06,460.98,489.48,470.86,477.56
train_n_1000_lr_0.05_d_6_child_5,336.39,338.15,342.96,337.15,345.51,340.03
val_n_1000_lr_0.05_d_6_child_5,476.48,483.32,462.18,489.46,468.42,475.97
train_n_1000_lr_0.05_d_6_child_10,356.01,359.67,357.82,351.31,360.4,357.04
val_n_1000_lr_0.05_d_6_child_10,476.59,482.65,457.02,488.02,465.92,474.04
train_n_100_lr_0.2_d_3_child_12,449.44,447.81,452.28,445.17,450.88,449.12
val_n_100_lr_0.2_d_3_child_12,465.67,471.26,447.57,478.26,455.41,463.63
train_n_100_lr_0.2_d_3_child_16,448.94,448.85,452.96,446.41,451.51,449.73
val_n_100_lr_0.2_d_3_child_16,465.43,469.68,447.65,478.71,455.19,463.33
train_n_100_lr_0.2_d_3_child_20,450.73,447.89,453.45,446.63,452.24,450.19
val_n_100_lr_0.2_d_3_child_20,467.2,470.52,447.97,477.93,454.07,463.54
train_n_100_lr_0.1_d_3_child_12,458.35,456.41,462.35,454.41,460.64,458.43
val_n_100_lr_0.1_d_3_child_12,468.54,473.4,452.45,481.38,457.9,466.73
train_n_100_lr_0.1_d_3_child_16,458.77,457.07,462.81,454.4,461.01,458.81
val_n_100_lr_0.1_d_3_child_16,469.02,473.97,452.63,481.42,458.09,467.03
train_n_100_lr_0.1_d_3_child_20,458.11,457.65,462.62,454.52,461.32,458.84
val_n_100_lr_0.1_d_3_child_20,468.36,473.73,451.89,481.42,458.57,466.79
train_n_100_lr_0.05_d_3_child_12,469.38,467.92,473.55,466.04,472.53,469.88
val_n_100_lr_0.05_d_3_child_12,476.79,480.88,461.78,489.02,465.46,474.79
train_n_100_lr_0.05_d_3_child_16,469.12,468.31,473.69,466.21,472.54,469.97
val_n_100_lr_0.05_d_3_child_16,476.4,481.1,461.41,489.06,464.9,474.57
train_n_100_lr_0.05_d_3_child_20,469.61,468.85,473.87,465.9,472.46,470.14
val_n_100_lr_0.05_d_3_child_20,476.67,481.23,461.34,488.45,465.83,474.7
train_n_100_lr_0.2_d_4_child_12,433.12,432.96,437.59,430.42,435.41,433.9
val_n_100_lr_0.2_d_4_child_12,463.64,469.42,446.3,476.58,455.03,462.19
train_n_100_lr_0.2_d_4_child_16,434.91,434.41,440.57,431.72,437.53,435.83
val_n_100_lr_0.2_d_4_child_16,462.92,470.71,446.98,476.58,454.8,462.4
train_n_100_lr_0.2_d_4_child_20,436.72,436.05,440.03,432.59,439.74,437.03
val_n_100_lr_0.2_d_4_child_20,463.45,469.82,447.11,477.41,454.23,462.4
train_n_100_lr_0.1_d_4_child_12,447.25,445.68,451.98,443.99,450.57,447.89
val_n_100_lr_0.1_d_4_child_12,464.5,470.75,447.84,479.11,454.78,463.4
train_n_100_lr_0.1_d_4_child_16,447.66,446.8,452.69,445.06,450.82,448.61
val_n_100_lr_0.1_d_4_child_16,464.38,470.45,446.85,479.08,454.63,463.08
train_n_100_lr_0.1_d_4_child_20,448.27,447.18,453.09,445.65,451.91,449.22
val_n_100_lr_0.1_d_4_child_20,464.84,471.12,447.96,478.85,454.8,463.51
train_n_100_lr_0.05_d_4_child_12,459.66,457.69,463.82,456.04,463.08,460.06
val_n_100_lr_0.05_d_4_child_12,470.52,475.79,455.16,484.13,460.39,469.2
train_n_100_lr_0.05_d_4_child_16,459.77,458.69,464.34,456.67,463.37,460.57
val_n_100_lr_0.05_d_4_child_16,471.01,475.95,455.03,484.5,460.02,469.3
train_n_100_lr_0.05_d_4_child_20,460.03,459.27,464.47,457.12,463.59,460.9
val_n_100_lr_0.05_d_4_child_20,470.75,476.13,455.08,484.26,460.31,469.31
train_n_100_lr_0.2_d_5_child_12,416.66,414.93,422.24,414.82,420.19,417.77
val_n_100_lr_0.2_d_5_child_12,463.54,472.16,447.02,478.43,456.01,463.43
train_n_100_lr_0.2_d_5_child_16,419.62,419.93,424.43,417.45,422.95,420.88
val_n_100_lr_0.2_d_5_child_16,464.81,468.78,448.4,477.93,456.68,463.32
train_n_100_lr_0.2_d_5_child_20,421.7,420.47,428.44,420.55,426.84,423.6
val_n_100_lr_0.2_d_5_child_20,464.12,470.99,446.94,477.79,456.0,463.17
train_n_100_lr_0.1_d_5_child_12,435.18,433.93,441.66,433.75,438.32,436.57
val_n_100_lr_0.1_d_5_child_12,463.73,468.72,447.05,477.26,453.18,461.99
train_n_100_lr_0.1_d_5_child_16,437.37,436.22,443.3,435.88,440.48,438.65
val_n_100_lr_0.1_d_5_child_16,463.43,469.5,446.8,478.89,454.66,462.66
train_n_100_lr_0.1_d_5_child_20,438.6,438.3,443.95,435.06,442.73,439.73
val_n_100_lr_0.1_d_5_child_20,464.09,469.19,446.69,476.94,454.16,462.21
train_n_100_lr_0.05_d_5_child_12,449.9,448.33,455.21,448.26,453.57,451.05
val_n_100_lr_0.05_d_5_child_12,466.27,472.28,450.85,481.56,456.92,465.58
train_n_100_lr_0.05_d_5_child_16,450.56,450.05,456.23,449.47,454.33,452.13
val_n_100_lr_0.05_d_5_child_16,466.66,473.11,451.39,481.59,456.76,465.9
train_n_100_lr_0.05_d_5_child_20,451.21,450.43,456.79,449.84,454.85,452.62
val_n_100_lr_0.05_d_5_child_20,467.14,472.85,451.95,481.22,457.2,466.07
train_n_100_lr_0.2_d_6_child_12,399.02,400.64,401.15,396.8,402.48,400.02
val_n_100_lr_0.2_d_6_child_12,466.94,476.02,451.84,479.2,456.81,466.16
train_n_100_lr_0.2_d_6_child_16,402.28,405.01,408.52,401.34,409.41,405.31
val_n_100_lr_0.2_d_6_child_16,466.83,471.4,449.48,477.93,459.59,465.05
train_n_100_lr_0.2_d_6_child_20,405.68,405.74,411.69,401.62,413.67,407.68
val_n_100_lr_0.2_d_6_child_20,468.18,472.23,450.94,478.49,456.06,465.18
train_n_100_lr_0.1_d_6_child_12,424.34,423.3,427.87,422.96,428.37,425.37
val_n_100_lr_0.1_d_6_child_12,463.74,469.32,446.87,476.69,454.16,462.16
train_n_100_lr_0.1_d_6_child_16,426.74,425.32,431.34,424.71,432.89,428.2
val_n_100_lr_0.1_d_6_child_16,462.3,468.5,446.04,477.23,454.51,461.72
train_n_100_lr_0.1_d_6_child_20,428.55,427.98,432.38,426.94,432.87,429.74
val_n_100_lr_0.1_d_6_child_20,463.41,470.18,446.93,476.81,454.83,462.43
train_n_100_lr_0.05_d_6_child_12,440.04,440.66,446.35,439.81,446.29,442.63
val_n_100_lr_0.05_d_6_child_12,464.31,470.93,449.43,479.48,455.89,464.01
train_n_100_lr_0.05_d_6_child_16,442.29,440.61,447.21,440.33,447.03,443.49
val_n_100_lr_0.05_d_6_child_16,464.75,471.26,448.84,479.54,455.34,463.95
train_n_100_lr_0.05_d_6_child_20,444.0,442.34,448.33,441.98,448.47,445.02
val_n_100_lr_0.05_d_6_child_20,465.15,471.91,449.08,480.34,456.53,464.6
train_n_200_lr_0.2_d_3_child_12,437.51,436.76,441.21,433.4,439.82,437.74
val_n_200_lr_0.2_d_3_child_12,463.84,471.06,446.27,477.25,454.41,462.57
train_n_200_lr_0.2_d_3_child_16,438.41,436.62,442.26,435.68,441.11,438.82
val_n_200_lr_0.2_d_3_child_16,463.94,469.36,446.82,478.14,453.85,462.42
train_n_200_lr_0.2_d_3_child_20,438.86,436.91,443.29,436.03,441.02,439.22
val_n_200_lr_0.2_d_3_child_20,465.16,469.73,446.56,477.51,453.62,462.52
train_n_200_lr_0.1_d_3_child_12,449.39,447.96,453.45,445.89,451.65,449.67
val_n_200_lr_0.1_d_3_child_12,465.26,470.24,448.7,477.43,455.13,463.35
train_n_200_lr_0.1_d_3_child_16,449.73,448.73,454.15,446.13,451.89,450.13
val_n_200_lr_0.1_d_3_child_16,465.23,470.28,448.65,477.63,454.66,463.29
train_n_200_lr_0.1_d_3_child_20,449.77,449.5,454.09,446.09,452.66,450.42
val_n_200_lr_0.1_d_3_child_20,465.54,470.42,448.03,477.29,455.28,463.31
train_n_200_lr_0.05_d_3_child_12,458.34,457.11,462.67,455.18,461.36,458.93
val_n_200_lr_0.05_d_3_child_12,469.15,474.27,452.65,482.01,457.96,467.21
train_n_200_lr_0.05_d_3_child_16,458.67,457.38,463.12,455.36,461.16,459.14
val_n_200_lr_0.05_d_3_child_16,469.05,473.55,452.19,482.04,457.96,466.96
train_n_200_lr_0.05_d_3_child_20,458.92,458.2,463.33,454.91,461.07,459.29
val_n_200_lr_0.05_d_3_child_20,469.06,474.19,452.83,481.39,458.21,467.14
train_n_200_lr_0.2_d_4_child_12,414.83,415.04,419.21,413.69,418.75,416.3
val_n_200_lr_0.2_d_4_child_12,465.49,470.99,448.23,478.14,456.48,463.87
train_n_200_lr_0.2_d_4_child_16,418.14,417.92,422.78,415.38,420.44,418.93
val_n_200_lr_0.2_d_4_child_16,465.52,473.02,448.07,478.28,456.53,464.28
train_n_200_lr_0.2_d_4_child_20,420.01,419.61,423.73,416.58,423.62,420.71
val_n_200_lr_0.2_d_4_child_20,464.55,471.6,447.07,479.03,456.51,463.75
train_n_200_lr_0.1_d_4_child_12,434.78,433.52,438.72,431.63,437.24,435.18
val_n_200_lr_0.1_d_4_child_12,462.96,469.36,446.41,477.77,453.94,462.09
train_n_200_lr_0.1_d_4_child_16,435.6,436.14,440.45,433.09,439.29,436.91
val_n_200_lr_0.1_d_4_child_16,462.56,468.17,445.83,476.63,453.64,461.37
train_n_200_lr_0.1_d_4_child_20,436.8,436.43,440.81,434.53,440.46,437.81
val_n_200_lr_0.1_d_4_child_20,462.71,469.46,446.25,476.61,453.45,461.7
train_n_200_lr_0.05_d_4_child_12,447.78,446.0,452.23,444.21,451.11,448.27
val_n_200_lr_0.05_d_4_child_12,465.0,470.57,448.17,478.77,454.98,463.5
train_n_200_lr_0.05_d_4_child_16,448.38,446.92,452.97,445.83,451.33,449.09
val_n_200_lr_0.05_d_4_child_16,465.25,470.37,448.1,479.33,455.12,463.63
train_n_200_lr_0.05_d_4_child_20,448.91,447.82,453.59,446.17,452.11,449.72
val_n_200_lr_0.05_d_4_child_20,464.9,471.04,448.61,478.99,455.05,463.72
train_n_200_lr_0.2_d_5_child_12,391.13,392.88,395.64,389.81,396.24,393.14
val_n_200_lr_0.2_d_5_child_12,468.17,477.35,451.07,481.1,460.59,467.66
train_n_200_lr_0.2_d_5_child_16,394.63,396.23,400.17,395.53,399.68,397.25
val_n_200_lr_0.2_d_5_child_16,472.28,474.91,452.35,480.56,460.95,468.21
train_n_200_lr_0.2_d_5_child_20,399.33,399.24,404.03,399.49,402.79,400.98
val_n_200_lr_0.2_d_5_child_20,468.31,476.26,451.71,479.97,461.2,467.49
train_n_200_lr_0.1_d_5_child_12,417.1,417.73,422.91,416.52,421.01,419.05
val_n_200_lr_0.1_d_5_child_12,464.48,468.66,447.27,477.09,453.39,462.18
train_n_200_lr_0.1_d_5_child_16,421.07,420.71,425.68,418.99,423.98,422.09
val_n_200_lr_0.1_d_5_child_16,463.76,469.94,447.19,478.19,455.97,463.01
train_n_200_lr_0.1_d_5_child_20,423.14,423.89,427.35,420.14,427.41,424.39
val_n_200_lr_0.1_d_5_child_20,465.1,468.69,445.74,475.7,453.56,461.76
train_n_200_lr_0.05_d_5_child_12,436.53,434.67,442.24,434.11,439.95,437.5
val_n_200_lr_0.05_d_5_child_12,463.5,468.98,445.51,477.75,454.15,461.98
train_n_200_lr_0.05_d_5_child_16,437.4,436.58,443.52,436.9,441.54,439.19
val_n_200_lr_0.05_d_5_child_16,462.8,469.16,446.24,477.84,453.46,461.9
train_n_200_lr_0.05_d_5_child_20,439.33,438.01,444.61,437.15,442.83,440.39
val_n_200_lr_0.05_d_5_child_20,463.79,469.5,446.8,478.0,454.13,462.44
train_n_200_lr_0.2_d_6_child_12,365.83,367.81,366.29,366.5,371.48,367.58
val_n_200_lr_0.2_d_6_child_12,474.52,483.94,459.66,486.69,465.48,474.06
train_n_200_lr_0.2_d_6_child_16,373.36,372.29,379.0,373.15,377.95,375.15
val_n_200_lr_0.2_d_6_child_16,473.72,480.12,455.72,484.15,466.88,472.12
train_n_200_lr_0.2_d_6_child_20,382.74,376.58,384.77,375.44,388.1,381.53
val_n_200_lr_0.2_d_6_child_20,473.39,480.29,455.35,483.85,462.95,471.17
train_n_200_lr_0.1_d_6_child_12,400.88,400.28,405.17,399.31,404.5,402.03
val_n_200_lr_0.1_d_6_child_12,464.87,471.59,448.24,477.27,456.55,463.7
train_n_200_lr_0.1_d_6_child_16,403.37,405.5,407.65,402.67,411.52,406.14
val_n_200_lr_0.1_d_6_child_16,465.5,469.74,448.13,477.85,456.89,463.62
train_n_200_lr_0.1_d_6_child_20,410.1,407.9,412.64,405.95,411.91,409.7
val_n_200_lr_0.1_d_6_child_20,465.35,472.39,446.76,476.16,456.23,463.38
train_n_200_lr_0.05_d_6_child_12,423.82,424.52,430.12,423.1,429.96,426.3
val_n_200_lr_0.05_d_6_child_12,462.71,468.56,447.8,478.21,454.04,462.26
train_n_200_lr_0.05_d_6_child_16,427.77,426.21,432.89,425.21,432.02,428.82
val_n_200_lr_0.05_d_6_child_16,463.0,468.71,446.42,476.89,453.71,461.75
train_n_200_lr_0.05_d_6_child_20,429.15,428.8,434.34,427.64,433.97,430.78
val_n_200_lr_0.05_d_6_child_20,463.35,470.35,447.25,478.12,453.84,462.58
train_n_500_lr_0.2_d_3_child_12,416.41,417.01,421.84,414.89,420.27,418.08
val_n_500_lr_0.2_d_3_child_12,467.77,475.93,450.74,481.55,457.22,466.64
train_n_500_lr_0.2_d_3_child_16,419.23,418.53,422.76,416.61,421.76,419.78
val_n_500_lr_0.2_d_3_child_16,467.96,474.44,449.69,480.98,456.72,465.96
train_n_500_lr_0.2_d_3_child_20,420.29,418.82,426.55,418.5,422.82,421.4
val_n_500_lr_0.2_d_3_child_20,467.99,475.34,449.94,478.79,457.82,465.98
train_n_500_lr_0.1_d_3_child_12,434.45,432.24,439.04,432.07,436.38,434.84
val_n_500_lr_0.1_d_3_child_12,462.65,470.85,447.81,476.67,453.55,462.31
train_n_500_lr_0.1_d_3_child_16,436.04,433.92,439.12,431.99,437.33,435.68
val_n_500_lr_0.1_d_3_child_16,463.22,469.61,446.99,477.08,453.85,462.15
train_n_500_lr_0.1_d_3_child_20,435.45,434.24,439.68,431.91,438.18,435.89
val_n_500_lr_0.1_d_3_child_20,463.71,469.91,447.18,475.37,453.86,462.01
train_n_500_lr_0.05_d_3_child_12,446.87,445.41,450.5,443.67,448.84,447.06
val_n_500_lr_0.05_d_3_child_12,466.01,469.7,448.0,476.9,454.42,463.01
train_n_500_lr_0.05_d_3_child_16,447.56,446.33,451.28,444.34,449.48,447.8
val_n_500_lr_0.05_d_3_child_16,465.38,469.09,447.35,477.22,454.92,462.79
train_n_500_lr_0.05_d_3_child_20,447.93,447.31,452.11,443.44,449.57,448.07
val_n_500_lr_0.05_d_3_child_20,465.51,469.6,448.57,476.39,454.5,462.91
train_n_500_lr_0.2_d_4_child_12,384.82,386.9,389.05,382.19,389.35,386.46
val_n_500_lr_0.2_d_4_child_12,474.81,478.92,458.71,486.26,463.51,472.44
train_n_500_lr_0.2_d_4_child_16,388.7,391.08,392.88,386.33,393.63,390.52
val_n_500_lr_0.2_d_4_child_16,474.26,481.6,456.3,486.56,463.9,472.52
train_n_500_lr_0.2_d_4_child_20,393.7,394.81,398.94,390.09,398.3,395.17
val_n_500_lr_0.2_d_4_child_20,474.45,479.83,453.91,483.67,463.26,471.02
train_n_500_lr_0.1_d_4_child_12,410.1,410.45,414.19,408.82,413.41,411.39
val_n_500_lr_0.1_d_4_child_12,465.71,473.04,449.09,481.21,456.13,465.04
train_n_500_lr_0.1_d_4_child_16,412.08,412.79,417.13,411.1,416.85,413.99
val_n_500_lr_0.1_d_4_child_16,466.41,471.92,448.6,478.41,455.64,464.2
train_n_500_lr_0.1_d_4_child_20,415.27,414.14,420.1,413.83,419.5,416.57
val_n_500_lr_0.1_d_4_child_20,464.65,473.5,448.55,478.23,456.3,464.25
train_n_500_lr_0.05_d_4_child_12,431.06,429.48,434.31,427.44,433.39,431.14
val_n_500_lr_0.05_d_4_child_12,462.97,468.56,446.6,476.03,453.75,461.58
train_n_500_lr_0.05_d_4_child_16,432.01,431.03,435.94,430.31,435.32,432.92
val_n_500_lr_0.05_d_4_child_16,463.72,468.18,446.71,476.73,453.71,461.81
train_n_500_lr_0.05_d_4_child_20,433.74,432.62,437.18,430.93,436.54,434.2
val_n_500_lr_0.05_d_4_child_20,463.25,468.52,446.35,476.16,453.38,461.53
train_n_500_lr_0.2_d_5_child_12,350.45,354.73,354.45,346.44,355.69,352.35
val_n_500_lr_0.2_d_5_child_12,481.05,488.03,465.31,494.38,472.59,480.27
train_n_500_lr_0.2_d_5_child_16,355.01,357.15,362.82,355.38,363.16,358.7
val_n_500_lr_0.2_d_5_child_16,482.54,487.1,464.03,491.76,471.24,479.33
train_n_500_lr_0.2_d_5_child_20,364.41,362.95,364.46,360.22,365.73,363.55
val_n_500_lr_0.2_d_5_child_20,477.68,487.88,464.77,490.52,470.74,478.32
train_n_500_lr_0.1_d_5_child_12,385.9,386.11,388.79,383.5,389.16,386.69
val_n_500_lr_0.1_d_5_child_12,472.01,475.7,453.87,483.22,458.2,468.6
train_n_500_lr_0.1_d_5_child_16,390.7,389.49,396.23,387.89,392.72,391.41
val_n_500_lr_0.1_d_5_child_16,468.71,478.44,454.46,481.64,462.49,469.15
train_n_500_lr_0.1_d_5_child_20,396.93,392.99,398.66,391.21,397.43,395.44
val_n_500_lr_0.1_d_5_child_20,469.07,476.45,451.73,479.87,460.28,467.48
train_n_500_lr_0.05_d_5_child_12,412.55,411.48,417.64,410.11,415.7,413.5
val_n_500_lr_0.05_d_5_child_12,464.33,470.0,446.52,477.33,454.75,462.59
train_n_500_lr_0.05_d_5_child_16,415.92,414.82,420.06,413.29,418.37,416.49
val_n_500_lr_0.05_d_5_child_16,464.48,469.57,447.62,477.06,455.19,462.78
train_n_500_lr_0.05_d_5_child_20,418.21,417.4,421.9,415.39,421.83,418.95
val_n_500_lr_0.05_d_5_child_20,464.55,470.59,447.02,475.96,454.06,462.44
train_n_500_lr_0.2_d_6_child_12,314.19,310.74,313.56,312.24,314.95,313.14
val_n_500_lr_0.2_d_6_child_12,490.43,498.62,476.03,503.81,480.7,489.92
train_n_500_lr_0.2_d_6_child_16,327.2,323.18,329.36,319.09,332.08,326.18
val_n_500_lr_0.2_d_6_child_16,486.32,493.98,472.31,502.09,481.71,487.28
train_n_500_lr_0.2_d_6_child_20,335.89,330.06,337.17,330.88,336.69,334.14
val_n_500_lr_0.2_d_6_child_20,485.09,493.59,472.4,498.3,476.42,485.16
train_n_500_lr_0.1_d_6_child_12,356.37,358.42,359.32,360.61,362.07,359.36
val_n_500_lr_0.1_d_6_child_12,476.69,481.73,460.18,486.24,465.6,474.09
train_n_500_lr_0.1_d_6_child_16,368.59,366.2,368.67,363.32,370.9,367.54
val_n_500_lr_0.1_d_6_child_16,475.29,478.83,457.0,487.15,466.24,472.9
train_n_500_lr_0.1_d_6_child_20,375.29,372.41,375.61,370.3,377.35,374.19
val_n_500_lr_0.1_d_6_child_20,472.59,480.37,456.96,483.62,464.96,471.7
train_n_500_lr_0.05_d_6_child_12,392.54,392.36,397.26,390.44,396.36,393.79
val_n_500_lr_0.05_d_6_child_12,466.6,472.42,450.34,480.56,457.68,465.52
train_n_500_lr_0.05_d_6_child_16,397.4,397.15,402.09,394.06,400.08,398.16
val_n_500_lr_0.05_d_6_child_16,466.86,471.92,449.14,479.88,457.99,465.16
train_n_500_lr_0.05_d_6_child_20,401.18,400.56,407.87,398.39,406.72,402.94
val_n_500_lr_0.05_d_6_child_20,465.97,474.01,449.72,478.73,457.03,465.09
train_n_1000_lr_0.2_d_3_child_12,399.04,400.92,403.5,397.78,402.08,400.66
val_n_1000_lr_0.2_d_3_child_12,474.04,480.27,457.46,487.19,463.02,472.4
train_n_1000_lr_0.2_d_3_child_16,402.39,403.38,407.04,399.83,405.16,403.56
val_n_1000_lr_0.2_d_3_child_16,473.62,479.75,456.34,486.26,462.6,471.71
train_n_1000_lr_0.2_d_3_child_20,404.22,403.76,409.19,402.28,407.11,405.31
val_n_1000_lr_0.2_d_3_child_20,472.84,480.66,455.05,483.26,463.47,471.06
train_n_1000_lr_0.1_d_3_child_12,418.79,417.6,423.25,417.03,422.53,419.84
val_n_1000_lr_0.1_d_3_child_12,466.59,474.9,450.15,478.71,456.19,465.31
train_n_1000_lr_0.1_d_3_child_16,421.44,418.97,426.5,418.14,423.22,421.65
val_n_1000_lr_0.1_d_3_child_16,467.09,473.99,450.68,479.72,456.86,465.67
train_n_1000_lr_0.1_d_3_child_20,422.64,420.37,425.97,420.31,425.34,422.93
val_n_1000_lr_0.1_d_3_child_20,466.06,473.83,449.17,476.11,456.77,464.39
train_n_1000_lr_0.05_d_3_child_12,435.6,432.79,438.99,431.62,436.64,435.13
val_n_1000_lr_0.05_d_3_child_12,463.73,470.2,448.06,477.16,453.7,462.57
train_n_1000_lr_0.05_d_3_child_16,436.85,434.59,440.7,433.05,438.38,436.71
val_n_1000_lr_0.05_d_3_child_16,462.73,468.85,447.08,476.81,453.7,461.83
train_n_1000_lr_0.05_d_3_child_20,437.81,435.47,441.31,432.54,438.88,437.2
val_n_1000_lr_0.05_d_3_child_20,464.1,469.52,447.62,475.49,454.02,462.15
train_n_1000_lr_0.2_d_4_child_12,354.99,357.14,357.6,353.58,359.91,356.64
val_n_1000_lr_0.2_d_4_child_12,486.74,489.34,470.0,496.26,472.54,482.98
train_n_1000_lr_0.2_d_4_child_16,361.28,363.18,365.31,358.55,364.19,362.5
val_n_1000_lr_0.2_d_4_child_16,484.54,490.1,467.56,496.19,475.14,482.71
train_n_1000_lr_0.2_d_4_child_20,365.51,365.83,368.71,363.75,371.3,367.02
val_n_1000_lr_0.2_d_4_child_20,483.66,489.22,464.57,491.09,472.44,480.2
train_n_1000_lr_0.1_d_4_child_12,386.77,390.82,389.18,386.04,391.15,388.79
val_n_1000_lr_0.1_d_4_child_12,472.62,476.99,456.08,486.66,463.19,471.11
train_n_1000_lr_0.1_d_4_child_16,392.1,394.29,394.08,388.93,396.81,393.24
val_n_1000_lr_0.1_d_4_child_16,472.24,477.26,455.04,483.9,461.16,469.92
train_n_1000_lr_0.1_d_4_child_20,394.84,396.21,399.0,393.65,401.03,396.95
val_n_1000_lr_0.1_d_4_child_20,469.44,478.51,453.19,482.84,461.14,469.02
train_n_1000_lr_0.05_d_4_child_12,413.92,410.31,417.83,409.19,414.67,413.18
val_n_1000_lr_0.05_d_4_child_12,465.74,472.21,450.02,478.6,456.5,464.61
train_n_1000_lr_0.05_d_4_child_16,415.64,413.63,421.06,413.75,416.65,416.15
val_n_1000_lr_0.05_d_4_child_16,466.52,471.58,451.39,478.04,456.47,464.8
train_n_1000_lr_0.05_d_4_child_20,416.8,414.05,423.17,414.67,420.09,417.76
val_n_1000_lr_0.05_d_4_child_20,465.77,472.22,448.39,477.22,455.67,463.85
train_n_1000_lr_0.2_d_5_child_12,308.65,309.77,308.6,306.16,313.86,309.41
val_n_1000_lr_0.2_d_5_child_12,495.05,500.81,481.55,506.23,484.65,493.66
train_n_1000_lr_0.2_d_5_child_16,317.09,315.59,319.78,314.31,321.91,317.74
val_n_1000_lr_0.2_d_5_child_16,494.94,499.51,478.72,508.01,484.0,493.04
train_n_1000_lr_0.2_d_5_child_20,327.51,324.38,326.55,321.95,328.19,325.72
val_n_1000_lr_0.2_d_5_child_20,489.94,498.85,479.03,503.69,483.66,491.03
train_n_1000_lr_0.1_d_5_child_12,354.28,357.56,353.43,352.06,357.85,355.04
val_n_1000_lr_0.1_d_5_child_12,480.93,483.93,464.83,492.28,467.96,477.99
train_n_1000_lr_0.1_d_5_child_16,361.6,360.62,364.63,356.23,365.16,361.65
val_n_1000_lr_0.1_d_5_child_16,478.51,486.23,461.82,491.35,470.3,477.64
train_n_1000_lr_0.1_d_5_child_20,371.32,365.55,371.03,364.25,372.48,368.93
val_n_1000_lr_0.1_d_5_child_20,474.94,485.42,459.19,487.35,469.01,475.18
train_n_1000_lr_0.05_d_5_child_12,387.56,384.35,389.23,386.52,390.76,387.68
val_n_1000_lr_0.05_d_5_child_12,470.2,476.27,453.91,482.73,457.63,468.15
train_n_1000_lr_0.05_d_5_child_16,390.61,390.45,395.29,391.9,394.15,392.48
val_n_1000_lr_0.05_d_5_child_16,471.16,475.63,452.24,481.04,460.27,468.07
train_n_1000_lr_0.05_d_5_child_20,397.69,392.85,403.87,394.88,400.26,397.91
val_n_1000_lr_0.05_d_5_child_20,468.26,477.08,451.27,479.05,459.25,466.98
train_n_1000_lr_0.2_d_6_child_12,261.85,260.96,261.34,260.72,265.84,262.14
val_n_1000_lr_0.2_d_6_child_12,506.86,512.57,493.77,520.77,497.02,506.2
train_n_1000_lr_0.2_d_6_child_16,277.6,276.87,275.58,271.6,283.56,277.04
val_n_1000_lr_0.2_d_6_child_16,501.47,507.1,490.75,519.44,497.03,503.16
train_n_1000_lr_0.2_d_6_child_20,292.1,285.43,288.46,285.87,290.78,288.53
val_n_1000_lr_0.2_d_6_child_20,499.32,507.11,489.72,514.08,491.82,500.41
train_n_1000_lr_0.1_d_6_child_12,319.0,319.01,320.18,319.68,326.87,320.95
val_n_1000_lr_0.1_d_6_child_12,486.6,492.24,472.26,497.07,476.79,484.99
train_n_1000_lr_0.1_d_6_child_16,331.26,330.36,332.24,326.31,336.04,331.24
val_n_1000_lr_0.1_d_6_child_16,484.95,489.2,470.64,498.15,476.46,483.88
train_n_1000_lr_0.1_d_6_child_20,342.69,337.84,338.38,330.95,341.7,338.31
val_n_1000_lr_0.1_d_6_child_20,480.77,490.33,469.53,494.71,474.83,482.03
train_n_1000_lr_0.05_d_6_child_12,358.65,365.02,363.28,358.52,367.11,362.52
val_n_1000_lr_0.05_d_6_child_12,475.91,479.62,457.29,488.34,464.28,473.09
train_n_1000_lr_0.05_d_6_child_16,370.59,371.16,372.01,369.1,371.12,370.8
val_n_1000_lr_0.05_d_6_child_16,472.92,478.43,456.2,485.51,464.2,471.45
train_n_1000_lr_0.05_d_6_child_20,378.62,376.25,378.55,370.03,382.81,377.25
val_n_1000_lr_0.05_d_6_child_20,471.48,479.42,456.79,484.82,463.32,471.17
train_n_100_lr_0.1_d_3_child_30,459.04,458.5,463.34,455.27,461.63,459.56
val_n_100_lr_0.1_d_3_child_30,468.87,474.03,452.21,482.38,457.91,467.08
train_n_100_lr_0.1_d_3_child_50,459.91,459.13,464.23,456.33,463.34,460.59
val_n_100_lr_0.1_d_3_child_50,468.14,473.92,452.34,481.85,458.21,466.89
train_n_100_lr_0.1_d_3_child_100,462.61,460.35,466.15,458.72,465.19,462.6
val_n_100_lr_0.1_d_3_child_100,470.26,477.27,452.1,484.96,459.28,468.77
train_n_100_lr_0.05_d_3_child_30,469.88,469.13,473.88,466.33,473.07,470.46
val_n_100_lr_0.05_d_3_child_30,476.73,481.15,461.66,489.03,465.57,474.83
train_n_100_lr_0.05_d_3_child_50,470.4,469.21,474.24,466.85,473.62,470.86
val_n_100_lr_0.05_d_3_child_50,477.1,480.77,461.63,489.22,465.19,474.78
train_n_100_lr_0.05_d_3_child_100,471.98,470.23,475.32,468.33,474.37,472.05
val_n_100_lr_0.05_d_3_child_100,478.4,483.44,462.04,491.07,466.37,476.26
train_n_100_lr_0.1_d_4_child_30,450.04,448.85,453.76,447.34,453.02,450.6
val_n_100_lr_0.1_d_4_child_30,465.44,470.72,448.31,479.35,456.29,464.02
train_n_100_lr_0.1_d_4_child_50,452.03,451.35,456.02,449.34,455.78,452.9
val_n_100_lr_0.1_d_4_child_50,464.25,471.12,448.36,479.13,455.35,463.64
train_n_100_lr_0.1_d_4_child_100,456.09,454.34,458.71,451.84,459.0,456.0
val_n_100_lr_0.1_d_4_child_100,467.77,474.35,449.59,481.65,457.08,466.09
train_n_100_lr_0.05_d_4_child_30,461.17,459.66,465.6,458.45,464.58,461.89
val_n_100_lr_0.05_d_4_child_30,471.28,476.31,455.6,484.52,460.75,469.69
train_n_100_lr_0.05_d_4_child_50,461.66,460.83,466.43,459.51,465.86,462.86
val_n_100_lr_0.05_d_4_child_50,470.2,475.97,456.13,484.86,460.04,469.44
train_n_100_lr_0.05_d_4_child_100,465.05,462.64,468.13,461.39,467.81,465.0
val_n_100_lr_0.05_d_4_child_100,473.11,479.24,455.87,486.4,461.75,471.27
train_n_100_lr_0.1_d_5_child_30,441.87,440.49,446.46,438.8,444.38,442.4
val_n_100_lr_0.1_d_5_child_30,463.28,468.5,448.33,477.02,455.21,462.47
train_n_100_lr_0.1_d_5_child_50,444.83,443.67,449.87,441.74,448.13,445.65
val_n_100_lr_0.1_d_5_child_50,464.16,469.88,447.48,478.0,453.89,462.68
train_n_100_lr_0.1_d_5_child_100,451.38,448.92,454.09,447.69,453.42,451.1
val_n_100_lr_0.1_d_5_child_100,465.67,473.76,448.63,481.03,454.33,464.68
train_n_100_lr_0.05_d_5_child_30,453.65,452.0,458.38,450.67,456.9,454.32
val_n_100_lr_0.05_d_5_child_30,467.5,473.01,452.32,481.73,457.77,466.47
train_n_100_lr_0.05_d_5_child_50,455.18,454.13,459.94,453.13,459.2,456.32
val_n_100_lr_0.05_d_5_child_50,467.56,473.28,453.12,481.58,457.18,466.54
train_n_100_lr_0.05_d_5_child_100,459.49,457.46,463.75,455.92,462.3,459.78
val_n_100_lr_0.05_d_5_child_100,469.43,476.47,452.86,484.14,458.43,468.27
train_n_100_lr_0.1_d_6_child_30,433.25,431.92,437.09,431.16,437.59,434.2
val_n_100_lr_0.1_d_6_child_30,463.64,469.72,446.9,477.08,454.58,462.38
train_n_100_lr_0.1_d_6_child_50,439.14,437.69,442.35,435.43,443.38,439.6
val_n_100_lr_0.1_d_6_child_50,465.21,470.43,446.58,477.85,453.1,462.63
train_n_100_lr_0.1_d_6_child_100,446.33,444.68,449.79,442.93,449.73,446.69
val_n_100_lr_0.1_d_6_child_100,465.35,473.55,448.81,480.56,455.51,464.76
train_n_100_lr_0.05_d_6_child_30,446.12,444.95,451.76,443.36,450.11,447.26
val_n_100_lr_0.05_d_6_child_30,465.5,471.02,450.71,479.73,455.89,464.57
train_n_100_lr_0.05_d_6_child_50,450.28,448.87,454.28,447.16,453.87,450.89
val_n_100_lr_0.05_d_6_child_50,466.11,472.56,450.61,480.07,454.92,464.85
train_n_100_lr_0.05_d_6_child_100,455.6,453.47,459.64,452.25,459.22,456.04
val_n_100_lr_0.05_d_6_child_100,467.43,475.46,451.56,482.56,457.41,466.88
train_n_200_lr_0.1_d_3_child_30,450.95,450.25,455.81,447.68,453.64,451.67
val_n_200_lr_0.1_d_3_child_30,466.0,470.55,449.05,478.68,455.42,463.94
train_n_200_lr_0.1_d_3_child_50,452.65,451.86,456.68,449.33,455.34,453.17
val_n_200_lr_0.1_d_3_child_50,465.68,470.62,449.22,478.79,454.4,463.74
train_n_200_lr_0.1_d_3_child_100,456.37,454.57,460.14,452.71,458.61,456.48
val_n_200_lr_0.1_d_3_child_100,467.99,475.09,449.54,482.0,456.82,466.29
train_n_200_lr_0.05_d_3_child_30,459.48,458.69,463.83,455.9,462.41,460.06
val_n_200_lr_0.05_d_3_child_30,468.9,473.84,452.43,482.3,458.52,467.2
train_n_200_lr_0.05_d_3_child_50,460.37,459.78,464.39,456.78,463.4,460.94
val_n_200_lr_0.05_d_3_child_50,469.06,474.49,452.4,482.43,457.84,467.24
train_n_200_lr_0.05_d_3_child_100,462.91,461.02,466.54,458.64,465.41,462.9
val_n_200_lr_0.05_d_3_child_100,470.82,477.78,452.79,484.8,460.11,469.26
train_n_200_lr_0.1_d_4_child_30,439.98,439.55,442.77,437.2,442.57,440.41
val_n_200_lr_0.1_d_4_child_30,463.47,468.55,447.78,477.18,454.82,462.36
train_n_200_lr_0.1_d_4_child_50,442.62,442.69,446.34,439.95,446.38,443.6
val_n_200_lr_0.1_d_4_child_50,463.51,469.24,446.63,477.35,453.12,461.97
train_n_200_lr_0.1_d_4_child_100,448.62,447.14,450.89,444.75,451.15,448.51
val_n_200_lr_0.1_d_4_child_100,466.16,473.58,448.2,480.76,455.51,464.84
train_n_200_lr_0.05_d_4_child_30,450.97,448.98,455.09,447.97,453.87,451.38
val_n_200_lr_0.05_d_4_child_30,465.62,470.87,448.88,479.36,456.03,464.15
train_n_200_lr_0.05_d_4_child_50,452.31,450.86,456.88,449.77,455.66,453.1
val_n_200_lr_0.05_d_4_child_50,464.58,470.85,448.93,479.29,454.61,463.65
train_n_200_lr_0.05_d_4_child_100,456.81,454.36,459.87,452.09,459.19,456.46
val_n_200_lr_0.05_d_4_child_100,467.67,474.97,449.43,481.43,456.66,466.03
train_n_200_lr_0.1_d_5_child_30,429.17,427.88,431.92,425.7,431.44,429.22
val_n_200_lr_0.1_d_5_child_30,462.68,468.74,447.82,477.29,455.06,462.32
train_n_200_lr_0.1_d_5_child_50,434.15,432.23,437.54,430.74,436.49,434.23
val_n_200_lr_0.1_d_5_child_50,464.46,471.02,446.47,477.8,453.9,462.73
train_n_200_lr_0.1_d_5_child_100,440.77,440.0,445.55,437.98,444.32,441.72
val_n_200_lr_0.1_d_5_child_100,465.8,473.94,448.8,482.2,454.33,465.01
train_n_200_lr_0.05_d_5_child_30,442.6,440.61,447.17,439.79,445.18,443.07
val_n_200_lr_0.05_d_5_child_30,463.88,469.05,447.96,478.08,453.91,462.58
train_n_200_lr_0.05_d_5_child_50,445.46,443.55,449.62,442.68,448.52,445.97
val_n_200_lr_0.05_d_5_child_50,463.58,469.9,447.45,478.09,453.21,462.45
train_n_200_lr_0.05_d_5_child_100,450.98,448.9,454.6,446.95,454.2,451.13
val_n_200_lr_0.05_d_5_child_100,465.44,474.25,448.14,481.0,455.81,464.93
train_n_200_lr_0.1_d_6_child_30,415.67,414.24,421.45,412.32,419.36,416.61
val_n_200_lr_0.1_d_6_child_30,466.85,473.16,448.17,478.52,456.62,464.66
train_n_200_lr_0.1_d_6_child_50,425.27,424.58,427.7,422.18,428.37,425.62
val_n_200_lr_0.1_d_6_child_50,465.51,471.98,446.78,479.55,454.57,463.68
train_n_200_lr_0.1_d_6_child_100,434.46,434.23,438.37,432.02,437.27,435.27
val_n_200_lr_0.1_d_6_child_100,465.8,475.55,449.29,481.27,455.34,465.45
train_n_200_lr_0.05_d_6_child_30,433.53,432.4,439.15,430.91,437.74,434.75
val_n_200_lr_0.05_d_6_child_30,463.69,469.14,447.29,477.55,453.96,462.33
train_n_200_lr_0.05_d_6_child_50,439.2,437.24,443.55,436.0,442.53,439.7
val_n_200_lr_0.05_d_6_child_50,463.33,470.36,447.3,477.52,452.48,462.2
train_n_200_lr_0.05_d_6_child_100,446.24,444.76,450.56,443.01,449.79,446.87
val_n_200_lr_0.05_d_6_child_100,465.07,473.95,447.91,480.64,455.1,464.53
train_n_500_lr_0.1_d_3_child_30,438.21,437.49,443.06,434.61,440.34,438.74
val_n_500_lr_0.1_d_3_child_30,463.52,470.24,448.26,477.31,455.09,462.88
train_n_500_lr_0.1_d_3_child_50,441.33,440.49,445.38,437.91,443.88,441.8
val_n_500_lr_0.1_d_3_child_50,464.64,471.2,447.13,477.89,453.2,462.81
train_n_500_lr_0.1_d_3_child_100,446.83,445.83,449.95,443.53,448.95,447.02
val_n_500_lr_0.1_d_3_child_100,466.42,474.14,448.9,480.24,455.41,465.02
train_n_500_lr_0.05_d_3_child_30,448.85,448.61,453.79,445.88,451.16,449.66
val_n_500_lr_0.05_d_3_child_30,465.37,469.48,448.43,477.73,455.2,463.24
train_n_500_lr_0.05_d_3_child_50,451.01,450.26,454.45,447.58,453.34,451.33
val_n_500_lr_0.05_d_3_child_50,465.13,470.36,448.97,477.9,453.43,463.16
train_n_500_lr_0.05_d_3_child_100,455.14,453.32,457.91,450.84,457.29,454.9
val_n_500_lr_0.05_d_3_child_100,468.32,474.88,448.85,481.07,456.82,465.99
train_n_500_lr_0.1_d_4_child_30,421.63,418.07,424.37,417.69,423.01,420.95
val_n_500_lr_0.1_d_4_child_30,466.44,473.04,449.11,477.85,457.0,464.69
train_n_500_lr_0.1_d_4_child_50,426.46,425.82,432.7,424.63,428.57,427.64
val_n_500_lr_0.1_d_4_child_50,465.06,473.25,448.11,478.81,454.28,463.9
train_n_500_lr_0.1_d_4_child_100,434.58,433.97,438.26,432.39,437.22,435.28
val_n_500_lr_0.1_d_4_child_100,466.93,474.59,451.08,481.57,457.08,466.25
train_n_500_lr_0.05_d_4_child_30,436.38,435.78,440.79,433.76,439.5,437.24
val_n_500_lr_0.05_d_4_child_30,463.69,468.94,447.6,477.12,454.53,462.38
train_n_500_lr_0.05_d_4_child_50,440.32,438.83,444.06,437.15,442.72,440.62
val_n_500_lr_0.05_d_4_child_50,463.34,469.41,447.22,477.16,452.98,462.02
train_n_500_lr_0.05_d_4_child_100,446.44,444.65,449.02,442.6,448.76,446.29
val_n_500_lr_0.05_d_4_child_100,465.93,474.35,448.13,480.05,454.34,464.56
train_n_500_lr_0.1_d_5_child_30,406.44,401.16,409.41,401.38,407.33,405.14
val_n_500_lr_0.1_d_5_child_30,468.89,475.4,451.02,480.67,459.98,467.19
train_n_500_lr_0.1_d_5_child_50,413.87,411.51,419.21,410.01,416.4,414.2
val_n_500_lr_0.1_d_5_child_50,470.13,477.18,450.24,480.99,457.62,467.23
train_n_500_lr_0.1_d_5_child_100,424.67,423.65,428.7,422.54,427.37,425.39
val_n_500_lr_0.1_d_5_child_100,468.08,476.33,452.01,484.47,458.6,467.9
train_n_500_lr_0.05_d_5_child_30,423.93,422.14,428.52,420.9,426.73,424.44
val_n_500_lr_0.05_d_5_child_30,465.17,470.23,448.63,477.5,455.31,463.37
train_n_500_lr_0.05_d_5_child_50,429.4,427.74,433.88,426.8,432.34,430.03
val_n_500_lr_0.05_d_5_child_50,464.0,471.89,447.36,478.96,453.08,463.06
train_n_500_lr_0.05_d_5_child_100,437.81,436.85,441.44,434.75,440.69,438.31
val_n_500_lr_0.05_d_5_child_100,465.75,474.88,448.66,481.53,455.65,465.29
train_n_500_lr_0.1_d_6_child_30,387.83,386.35,392.53,382.53,388.48,387.54
val_n_500_lr_0.1_d_6_child_30,473.13,480.05,453.87,484.83,464.22,471.22
train_n_500_lr_0.1_d_6_child_50,402.09,398.89,405.72,398.94,403.0,401.73
val_n_500_lr_0.1_d_6_child_50,471.05,478.71,452.58,484.46,459.75,469.31
train_n_500_lr_0.1_d_6_child_100,415.27,416.06,419.63,413.14,418.69,416.56
val_n_500_lr_0.1_d_6_child_100,469.56,476.57,452.97,484.57,460.1,468.75
train_n_500_lr_0.05_d_6_child_30,412.9,408.74,416.51,405.91,413.98,411.61
val_n_500_lr_0.05_d_6_child_30,467.18,472.51,449.4,477.47,456.22,464.56
train_n_500_lr_0.05_d_6_child_50,419.06,417.77,424.82,415.26,421.72,419.73
val_n_500_lr_0.05_d_6_child_50,466.09,474.33,448.72,480.41,455.03,464.92
train_n_500_lr_0.05_d_6_child_100,430.38,430.04,435.29,427.51,434.16,431.48
val_n_500_lr_0.05_d_6_child_100,465.95,476.02,450.0,481.78,456.31,466.01
